Time,A4260580,A4261224,A4261168,A4261160,A4261166,A4261107,A4261022,A4260704,A4260703
8/02/2013,7.38,7.24,,,,7.51,8.18,8.57,
9/02/2013,7.58,6.98,,,,7.48,8.24,8.75,
10/02/2013,7.57,7.01,,,,7.38,8.16,8.83,
11/02/2013,7.67,6.85,,,,7.41,8.45,8.73,
12/02/2013,8.13,6.76,,,,7.71,8.63,8.81,
13/02/2013,8.32,6.99,,,,7.84,8.58,9.04,
14/02/2013,8.17,6.95,,,,7.75,8.66,9.1,
15/02/2013,7.84,7.05,,,,7.54,8.52,8.89,
16/02/2013,7.7,7.16,,,,7.56,8.49,8.84,
17/02/2013,7.75,6.93,,,,7.55,8.05,8.85,
18/02/2013,7.51,7.1,,,,7.37,7.84,8.78,
19/02/2013,7.39,6.85,,,,7.18,7.96,8.66,
20/02/2013,7.24,7,,,,7.13,7.87,8.51,
21/02/2013,7.72,6.81,,,,7.22,7.8,8.5,
22/02/2013,7.85,6.96,,,,7.27,7.88,8.61,
23/02/2013,7.5,6.9,,,,7.01,7.9,8.53,
24/02/2013,7.26,6.69,,,,6.98,8.05,8.44,
25/02/2013,7.75,6.68,,,,7.19,8.03,8.51,
26/02/2013,7.53,6.48,,,,7.1,8.02,8.67,
27/02/2013,7.5,6.8,,,,7.22,7.87,8.64,
28/02/2013,7.43,7.1,,,,7.19,7.9,,
1/03/2013,7.64,7.2,,,,7.42,7.89,,
2/03/2013,8.42,7.32,,,,7.82,8.36,,
3/03/2013,8.66,7.46,,,,8.01,8.56,,
4/03/2013,8.27,7.47,,,,8.01,8.9,,
5/03/2013,7.67,7.39,,,,7.94,9.09,,
6/03/2013,6.84,7.34,,,,7.86,9.02,9.12,
7/03/2013,7.04,7.16,,,,7.67,8.75,9.16,
8/03/2013,6.55,6.83,,,,7.43,8.34,8.95,
9/03/2013,7.29,6.6,,,,7.35,8,8.74,
10/03/2013,7.42,6.89,,,,7.27,7.9,8.79,
11/03/2013,7.2,6.69,,,,7.15,7.92,8.63,
12/03/2013,7.14,6.82,,,,7.12,8.04,8.48,
13/03/2013,7.22,6.82,,,,7.16,7.75,8.34,
14/03/2013,7,7.08,,,,7.17,7.79,8.5,
15/03/2013,7.81,7.1,,,,7.52,7.98,8.51,
16/03/2013,8.19,7.59,,,,7.71,8.18,8.79,
17/03/2013,8.61,7.64,,,,7.71,8.18,8.9,
18/03/2013,8.91,7.8,,,,8.02,8.65,9.18,
19/03/2013,9.55,8.24,,,,8.34,8.94,9.47,
20/03/2013,9.47,8.33,,,,8.41,9.1,9.74,
21/03/2013,9.28,8.75,,,,8.42,9.41,9.83,
22/03/2013,9,8.62,,,,8.4,9.29,9.75,
23/03/2013,9.06,8.7,,,,8.4,9.28,9.92,
24/03/2013,9.16,8.62,,,,8.41,9.26,9.87,
25/03/2013,9.08,8.62,,,,8.34,9.1,9.83,
26/03/2013,8.85,8.61,,,,8.26,9.37,9.71,
27/03/2013,8.69,8.38,,,,8.21,9.18,9.59,
28/03/2013,8.41,8.51,,,,8.13,9.06,9.57,
29/03/2013,8.63,8.51,,,,8.13,8.96,9.49,
30/03/2013,8.97,8.87,,,,8.43,8.88,9.52,
31/03/2013,9.17,8.66,,,,8.44,8.76,9.62,
1/04/2013,8.94,8.59,,,,8.33,8.92,9.59,
2/04/2013,9.16,8.72,,,,8.51,9.22,9.51,
3/04/2013,9.3,8.78,,,,8.68,9.31,9.65,
4/04/2013,9.38,8.81,,,,8.69,9.29,9.82,
5/04/2013,9.67,9.05,,,,8.83,9.44,9.96,
6/04/2013,9.71,9.09,,,,8.89,9.52,9.97,
7/04/2013,9.51,9.07,,,,8.8,9.57,9.89,
8/04/2013,9.17,8.92,,,,8.7,9.58,9.85,
9/04/2013,9.01,8.87,,,,8.62,9.46,9.75,
10/04/2013,8.9,8.89,,,,8.58,9.41,9.72,
11/04/2013,8.92,8.67,,,,8.55,9.43,9.75,
12/04/2013,9,8.65,,,,8.55,9.34,9.68,
13/04/2013,9.16,8.95,,,,8.55,9.34,9.6,
14/04/2013,9.02,9.06,,,,8.49,9.46,9.5,
15/04/2013,8.98,8.67,,,,8.47,9.3,9.45,
16/04/2013,9.04,8.65,,,,8.49,9.33,9.51,
17/04/2013,9.31,8.92,,,,8.59,9.41,9.59,
18/04/2013,9.48,9.27,,,,8.72,9.25,9.6,
19/04/2013,9.54,9.14,,,,8.76,9.42,9.74,
20/04/2013,9.76,9.47,,,,8.93,9.67,9.77,
21/04/2013,10.28,9.78,,,,9.18,9.79,9.92,
22/04/2013,10.23,9.95,,,,9.2,9.88,10.09,
23/04/2013,10.13,9.69,,,,9.26,10.07,10.09,
24/04/2013,10.15,9.88,,,,9.37,10.42,10.15,
25/04/2013,10.27,10.04,,,,9.49,10.24,10.26,
26/04/2013,10.35,10.13,,,,9.5,10.44,10.45,
27/04/2013,10.25,9.89,,,,9.49,10.32,10.46,
28/04/2013,10.16,9.95,,,,9.39,10.38,10.44,
29/04/2013,10,9.75,,,,9.31,10.45,10.39,
30/04/2013,10,9.83,,,,9.25,10.36,10.24,
1/05/2013,9.72,9.39,,,,9.17,10.2,10.14,
2/05/2013,10.03,9.63,,,,9.25,10.16,10.02,
3/05/2013,10.18,9.76,,,,9.32,10.26,10.38,
4/05/2013,10.48,9.9,,,,9.4,10.14,10.48,
5/05/2013,10.52,9.81,,,,9.4,10.26,10.45,
6/05/2013,10.42,9.91,,,,9.44,10.35,10.42,
7/05/2013,10.55,9.9,,,,9.55,10.43,10.39,
8/05/2013,10.3,10.01,,,,9.5,10.47,10.4,
9/05/2013,10.47,9.97,,,,9.49,10.44,10.41,
10/05/2013,10.48,9.76,,,,9.44,10.4,10.38,
11/05/2013,10.13,9.9,,,,9.39,10.38,10.28,
12/05/2013,10.11,10.06,,,,9.36,10.38,10.2,
13/05/2013,10.15,10.11,,,,9.32,10.33,10.11,
14/05/2013,9.9,9.58,,,,9.27,10.21,10.05,
15/05/2013,10.32,9.87,,,,9.4,10.15,10.12,
16/05/2013,10.35,9.91,,,,9.39,10.14,10.12,
17/05/2013,10.33,9.5,,,,9.37,10.14,10.14,
18/05/2013,10.27,9.88,,,,9.41,10.23,10.11,
19/05/2013,10.34,10,,,,9.47,10.27,10.15,
20/05/2013,10.44,10.04,,,,9.56,10.21,10.2,
21/05/2013,10.47,10.06,,,,9.52,10.16,10.27,
22/05/2013,10.28,9.96,,,,9.53,10.23,10.19,
23/05/2013,10.33,10.05,,,,9.53,10.3,10.19,
24/05/2013,10.31,10,,,,9.49,10.33,10.18,
25/05/2013,10.5,9.88,,,,9.64,10.38,10.23,
26/05/2013,10.6,10.23,,,,9.69,10.44,10.34,
27/05/2013,10.58,10.26,,,,9.71,10.45,10.34,
28/05/2013,10.53,10.06,,,,9.68,10.45,10.33,
29/05/2013,10.62,10.15,,,,9.76,10.44,10.37,
30/05/2013,10.74,10.29,,,,9.77,10.48,10.46,
31/05/2013,10.53,10.36,,,,9.68,10.52,10.35,
1/06/2013,10.18,10.29,,,,9.61,10.43,10.28,
2/06/2013,10.07,10.3,,,,9.51,10.43,10.21,
3/06/2013,10.01,10.16,,,,9.56,10.39,10.12,
4/06/2013,10.6,10.48,,,,9.78,10.29,10.19,
5/06/2013,10.7,10.56,,,,9.81,10.44,10.22,
6/06/2013,10.79,10.63,,,,9.8,10.44,10.24,
7/06/2013,10.66,10.44,,,,9.76,10.45,10.23,
8/06/2013,10.57,10.26,,,,9.68,10.52,10.16,
9/06/2013,10.75,10.43,,,,9.82,10.48,10.18,
10/06/2013,11.01,10.7,,,,9.92,10.52,10.29,
11/06/2013,11.15,10.77,,,,9.88,10.56,10.33,
12/06/2013,10.9,10.44,,,,9.82,10.65,10.27,
13/06/2013,10.43,10.47,,,,9.67,10.68,10.1,
14/06/2013,10.17,10.47,,,,9.71,10.7,10.02,
15/06/2013,10.53,9.98,,,,9.81,10.72,10.07,
16/06/2013,10.93,9.66,,,,9.97,10.7,10.23,
17/06/2013,11.01,10.19,,,,10.04,10.75,10.32,
18/06/2013,11.03,10.21,,,,10.02,10.73,10.35,
19/06/2013,11.02,10.27,,,,10.01,10.66,10.35,
20/06/2013,11.09,10.15,,,,10.05,10.67,10.37,
21/06/2013,11.3,10.65,,,,10.12,10.81,10.49,
22/06/2013,11.19,10.64,,,,10.16,10.92,10.56,
23/06/2013,11.08,11,,,,10.19,11.09,10.6,
24/06/2013,10.95,10.51,,,,10.19,11.22,10.57,
25/06/2013,11.03,10.57,,,,10.31,11.19,10.64,
26/06/2013,11.15,10.56,,,,10.4,11.15,10.69,
27/06/2013,11.24,10.98,,,,10.44,11.17,10.79,
28/06/2013,11.2,10.65,,,,10.44,11.08,10.83,
29/06/2013,11.14,10.52,,,,10.45,11.03,10.81,
30/06/2013,11.17,10.87,,,,10.48,11.25,10.86,
1/07/2013,11.16,10.6,,,,10.65,11.44,10.84,
2/07/2013,11.04,11.02,,,,10.65,11.4,10.85,
3/07/2013,10.85,10.56,,,,10.62,11.28,10.76,
4/07/2013,10.94,11.41,,,,10.55,11.73,10.57,
5/07/2013,10.91,11.65,,,,10.59,11.69,10.69,
6/07/2013,10.71,11.29,,,,10.49,11.71,10.68,
7/07/2013,10.77,11.26,,,,10.58,11.62,10.63,
8/07/2013,10.78,11.35,,,,10.62,11.49,10.68,
9/07/2013,10.71,11.3,,,,10.62,11.67,10.57,
10/07/2013,10.97,11.57,,,,10.69,11.73,10.65,
11/07/2013,11.22,11.48,,,,10.78,11.72,10.76,
12/07/2013,11.35,11.26,,,,10.75,11.74,10.71,
13/07/2013,11.21,11.47,,,,10.73,11.76,10.64,
14/07/2013,10.66,11.64,,,,10.56,11.8,10.51,
15/07/2013,10.19,11.17,,,,10.33,11.76,10.23,
16/07/2013,9.98,11.08,,,,10.31,11.58,10.28,
17/07/2013,10.05,11.2,,,,10.28,11.57,10.27,
18/07/2013,10.08,9.99,,,,10.27,11.58,10.22,
19/07/2013,10.13,10.51,,,,10.16,11.63,10.19,
20/07/2013,9.92,9.9,,,,10.09,11.6,10.11,
21/07/2013,10.15,9.35,,,,10.17,11.5,10.18,
22/07/2013,10.56,10.27,,,,10.32,11.34,10.32,
23/07/2013,10.78,10.12,,,,10.35,11.43,10.43,
24/07/2013,10.8,10.04,,,,10.44,11.32,10.45,
25/07/2013,10.74,10.37,,,,10.41,11.26,10.56,
26/07/2013,10.66,10.44,,,,10.42,11.27,10.62,
27/07/2013,10.76,10.18,,,,10.46,11.56,10.52,
28/07/2013,10.82,10.14,,,,10.51,11.9,10.55,
29/07/2013,10.65,10.71,,,,10.5,12.17,10.55,
30/07/2013,10.34,10.39,,,,10.3,11.88,10.62,
31/07/2013,10.23,10.43,,,,10.27,11.71,10.67,
1/08/2013,10.3,10.71,,,,10.28,11.65,10.68,
2/08/2013,10.58,10.85,,,,10.38,11.6,10.61,
3/08/2013,10.61,10.85,,,,10.34,11.71,10.51,
4/08/2013,10.46,10.74,,,,10.34,11.91,10.51,
5/08/2013,10.39,10.91,,,,10.29,11.75,10.51,
6/08/2013,10.31,10.9,,,,10.23,11.63,10.53,
7/08/2013,10.12,10.8,,,,10.03,11.66,10.49,
8/08/2013,10,10.63,,,,9.98,11.58,10.33,
9/08/2013,10.1,10.82,,,,10.02,11.53,10.35,
10/08/2013,10.38,11,,,,10.01,11.44,10.32,
11/08/2013,10.21,10.75,,,,9.98,11.46,10.3,
12/08/2013,10.23,10.86,,,,10.04,11.52,10.26,
13/08/2013,10.08,10.85,,,,9.96,11.58,10.19,
14/08/2013,10.31,10.81,,,,10,11.7,10.33,
15/08/2013,10.44,10.84,,,,9.99,11.61,10.43,
16/08/2013,10.63,10.87,,,,10.13,11.6,10.41,
17/08/2013,10.58,11.05,,,,10.17,11.64,10.38,
18/08/2013,10.47,10.86,,,,10.06,11.65,10.4,
19/08/2013,10.59,11.14,,,,10.15,11.51,10.48,
20/08/2013,10.61,11.12,,,,10.15,11.45,10.46,
21/08/2013,10.88,11.21,,,,10.24,11.59,10.43,
22/08/2013,10.94,11.24,,,,10.37,11.72,10.49,
23/08/2013,10.88,11.35,,,,10.37,11.78,10.58,
24/08/2013,10.76,11.25,,,,10.32,11.81,10.61,
25/08/2013,10.7,11.28,,,,10.28,11.72,10.63,
26/08/2013,10.74,11.16,,,,10.29,11.73,10.61,
27/08/2013,10.75,11.14,,,,10.22,11.78,10.57,
28/08/2013,10.63,11.12,,,,10.1,11.8,10.54,
29/08/2013,10.49,10.99,,,,10.04,11.73,10.49,
30/08/2013,10.2,10.83,,,,9.82,11.48,10.23,
31/08/2013,10,10.43,,,,9.64,11.24,10.13,
1/09/2013,10.08,10.36,,,,9.56,11.1,9.97,
2/09/2013,9.91,10.17,,,,9.41,11.05,9.81,
3/09/2013,9.83,10.2,,,,9.34,11,9.86,
4/09/2013,9.79,10.12,,,,9.3,11.03,9.8,
5/09/2013,9.77,10.07,,,,9.28,11.27,9.68,
6/09/2013,9.59,9.88,,,,9.14,11.29,9.65,
7/09/2013,9.52,9.73,,,,9.15,11.29,9.67,
8/09/2013,9.75,9.92,,,,9.26,11.41,9.71,
9/09/2013,9.98,10.07,,,,9.44,11.56,9.83,
10/09/2013,10.07,10.32,,,,9.43,11.52,9.91,
11/09/2013,9.8,10.16,,,,9.15,11.28,9.75,
12/09/2013,10.15,10.11,,,,9.35,11.24,9.77,
13/09/2013,10.56,10.32,,,,9.5,11.35,9.82,
14/09/2013,10.5,10.44,,,,9.44,11.15,9.75,
15/09/2013,10.76,10.46,,,,9.53,11.2,9.83,
16/09/2013,10.65,10.53,,,,9.52,11.25,9.81,
17/09/2013,10.31,10.3,,,,9.3,11.02,9.7,
18/09/2013,10.2,10.23,,,,9.22,10.86,9.6,
19/09/2013,10.39,10.06,,,,9.41,10.82,,
20/09/2013,10.46,10.23,,,,9.43,10.71,,
21/09/2013,10.54,10.22,,,,9.44,10.72,,
22/09/2013,10.58,10.12,,,,9.53,10.72,,
23/09/2013,10.47,10.1,,,,9.41,10.76,,
24/09/2013,10.31,10.07,,,,9.36,10.73,,
25/09/2013,10.05,9.89,,,,9.11,10.54,,
26/09/2013,10.11,9.88,,,,9.2,10.44,,
27/09/2013,10.03,9.88,,,,9.07,10.45,,
28/09/2013,10.31,9.84,,,,9.22,10.41,,
29/09/2013,10.26,9.95,,,,9.22,10.51,,
30/09/2013,10.24,9.89,,,,9.21,10.47,,
1/10/2013,9.99,9.79,,,,9.09,10.32,,
2/10/2013,9.76,9.61,,,,8.81,10.14,,
3/10/2013,10.24,9.76,,,,9.14,10.2,,
4/10/2013,10.21,9.92,,,,9.15,10.31,,
5/10/2013,10.48,10.01,,,,9.26,10.45,,
6/10/2013,10.34,10.06,,,,9.22,10.53,,
7/10/2013,10.08,9.89,,,,9.03,10.39,,
8/10/2013,9.97,9.64,,,,8.95,10.29,,
9/10/2013,9.77,9.59,,,,8.8,10.23,,
10/10/2013,9.68,9.43,,,,8.68,10.1,,
11/10/2013,9.46,9.21,,,,8.53,9.87,,
12/10/2013,9.36,9.1,,,,8.5,9.78,,
13/10/2013,9.42,9.18,,,,8.54,9.81,,
14/10/2013,9.25,9.17,,,,8.42,9.76,,
15/10/2013,9.55,9.17,,,,8.6,9.71,,
16/10/2013,9.84,9.48,,,,8.77,9.9,,
17/10/2013,9.75,9.62,,,,8.77,9.95,,
18/10/2013,9.63,9.6,,,,8.68,9.84,,
19/10/2013,9.82,9.52,,,,8.77,9.86,,
20/10/2013,9.93,9.58,,,,8.68,9.85,,
21/10/2013,9.6,9.35,,,,8.58,9.83,,
22/10/2013,8.99,8.95,,,,8.13,9.61,,
23/10/2013,8.64,8.69,,,,7.79,9.42,,
24/10/2013,8.99,8.55,,,,8.01,9.34,,
25/10/2013,9.72,8.98,,,,8.43,9.49,,
26/10/2013,10.03,9.25,,,,8.66,9.7,,
27/10/2013,9.65,9.23,,,,8.57,9.91,,
28/10/2013,9.3,9.17,,,,8.41,10,,
29/10/2013,9.24,8.97,,,,8.3,10.01,,
30/10/2013,9.48,9.09,,,,8.38,10.08,9.77,
31/10/2013,9.61,9.34,,,,8.56,9.98,9.87,
1/11/2013,9.63,9.18,,,,8.47,10.02,9.8,
2/11/2013,9.54,9.01,,,,8.32,10.09,9.73,
3/11/2013,8.98,8.73,,,,8.1,9.98,9.64,
4/11/2013,8.8,8.72,,,,7.93,9.76,,
5/11/2013,9.23,8.68,,,,8.21,9.52,,
6/11/2013,9.23,8.73,,,,8.21,9.65,,
7/11/2013,8.97,8.71,,,,8.07,9.96,,
8/11/2013,8.85,8.55,,,,7.96,9.65,,
9/11/2013,8.65,8.43,,,,7.73,9.2,,
10/11/2013,9.04,8.54,,,,7.98,9.05,,
11/11/2013,9.52,8.89,,,,8.25,9.41,,
12/11/2013,9.54,9.1,,,,8.38,9.79,,
13/11/2013,9.38,9.18,,,,8.4,9.89,,
14/11/2013,9.35,9.21,,,,8.22,9.97,,
15/11/2013,9.77,9.27,,,,8.67,9.96,9.75,
16/11/2013,9.59,9.35,,,,8.57,10.06,9.81,
17/11/2013,9.39,9.36,,,,8.42,10.02,9.79,
18/11/2013,8.97,9.18,,,,8.29,10.02,9.73,
19/11/2013,8.75,8.87,,,,8.05,9.96,9.59,
20/11/2013,8.22,8.55,,,,7.71,9.64,9.42,
21/11/2013,8,8.4,,,,7.49,9.35,9.29,
22/11/2013,7.95,8.4,,,,7.73,9.12,9.2,
23/11/2013,7.86,8.6,,,,8.01,9.01,9.14,
24/11/2013,7.73,8.48,,,,7.96,9.4,9.04,
25/11/2013,8.53,8.69,,,,8.06,9.54,9.13,
26/11/2013,8.82,8.78,,,,8.31,9.7,9.36,
27/11/2013,8.59,8.73,,,,8.16,9.8,9.43,
28/11/2013,8.3,8.69,,,,7.99,9.61,9.39,
29/11/2013,7.93,8.51,,,,7.62,9.02,9.2,
30/11/2013,7.9,8.06,,,,7.62,8.78,9.11,
1/12/2013,7.76,8.37,,,,7.78,8.87,9,
2/12/2013,8.47,8.44,,,,7.67,9.53,8.89,
3/12/2013,8.28,8.18,,,,7.64,9.54,8.84,
4/12/2013,8.13,7.9,,,,7.26,9.31,8.93,
5/12/2013,7.89,7.72,,,,6.99,8.97,8.77,
6/12/2013,8.39,7.84,,,,7.49,8.75,8.76,
7/12/2013,9.29,8.15,,,,8.1,9.25,8.9,
8/12/2013,8.81,8.12,,,,7.95,9.64,8.92,
9/12/2013,8.27,8.17,,,,7.74,9.79,8.99,
10/12/2013,7.92,8.09,,,,7.45,9.27,8.92,
11/12/2013,8.01,8.01,,,,7.58,9.03,8.83,
12/12/2013,8.59,8.16,,,,7.52,9.19,8.7,
13/12/2013,8.42,8.22,,,,7.5,9.65,8.6,
14/12/2013,8.33,8.31,,,,7.57,9.73,8.72,
15/12/2013,8.08,8.3,,,,7.68,9.72,8.85,
16/12/2013,6.74,8.16,,,,7.56,9.57,8.8,
17/12/2013,6.21,7.92,,,,7.46,9.53,8.72,
18/12/2013,8.27,7.72,,,,7.31,9.66,8.63,
19/12/2013,7.85,7.46,,,,7.26,9.61,8.54,
20/12/2013,7.49,7.62,,,,7.08,9.26,8.46,
21/12/2013,7.25,7.37,,,,6.71,8.64,8.33,
22/12/2013,7.36,7.16,,,,6.67,8.49,8.04,
23/12/2013,7.75,7.23,,,,6.45,8.37,7.83,
24/12/2013,7.93,7.2,,,,6.69,8.23,7.92,
25/12/2013,8.58,7.4,,,,7.23,8.51,8.04,
26/12/2013,8.71,7.95,,,,7.26,8.89,8.14,
27/12/2013,8.28,7.92,,,,7.1,8.97,8.24,
28/12/2013,8.22,7.76,,,,7.18,8.96,8.22,
29/12/2013,8.18,8.02,,,,7.16,9.04,8.16,
30/12/2013,8.33,7.84,,,,7.35,8.91,8.21,
31/12/2013,8.08,8.03,,,,7.3,8.9,8.12,
1/01/2014,7.76,7.64,,,,7.12,8.94,7.98,
2/01/2014,7.49,7.74,,,,6.98,8.85,7.83,
3/01/2014,7.34,7.53,,,,6.97,8.6,7.95,
4/01/2014,7.9,7.84,,,,6.99,8.53,8,
5/01/2014,8.68,8.14,,,,,8.7,8.09,
6/01/2014,8.63,8.24,,,,,8.87,8.16,
7/01/2014,8.5,8.43,,,,,9.01,8.21,
8/01/2014,8.25,8.56,,,,,9.07,8.44,
9/01/2014,8.12,8.55,,,,,9.1,8.48,
10/01/2014,8.78,8.18,,,,,9.06,8.3,
11/01/2014,8.24,8.01,,,,,9,8.01,
12/01/2014,7.82,7.54,,,,7.16,8.95,8.09,
13/01/2014,7.89,7.71,,,,7.26,8.63,8.2,
14/01/2014,7.84,7.74,,,,7.02,8.28,8.09,
15/01/2014,7.4,7.07,,,,6.8,8.13,7.84,
16/01/2014,7,6.87,,,,6.55,8.26,7.55,
17/01/2014,7.17,6.67,,,,6.57,8.01,7.28,
18/01/2014,7.1,6.74,,,,6.51,7.99,7.29,
19/01/2014,7.2,6.93,,,,6.46,7.78,7.29,
20/01/2014,7.53,7.14,,,,6.62,7.62,7.23,
21/01/2014,7.87,7.36,,,,6.79,7.39,7.35,
22/01/2014,7.95,7.54,,,,6.9,7.5,7.29,
23/01/2014,8.15,7.64,,,,6.99,7.87,7.23,
24/01/2014,8.3,7.49,,,,7.04,8.16,7.03,
25/01/2014,7.88,7.55,,,,6.81,8.27,7.06,
26/01/2014,8.11,7.64,,,,7.28,8.45,7.14,
27/01/2014,8.52,7.91,,,,7.24,8.58,8.01,
28/01/2014,7.98,7.88,,,,7.01,8.66,8.1,
29/01/2014,7.69,7.47,,,,6.89,8.84,8.03,
30/01/2014,7.2,7.16,,,,6.79,8.65,7.65,
31/01/2014,7.28,6.88,,,,6.65,8.27,7.35,
1/02/2014,6.93,6.75,,,,6.5,7.86,7.36,
2/02/2014,6.83,6.57,,,,6.26,7.68,7.51,
3/02/2014,6.37,6.54,,,,6.06,7.13,7.01,
4/02/2014,5.77,6.06,,,,5.9,7.43,7.05,
5/02/2014,5.95,6.82,,,,6.54,7.49,7.16,
6/02/2014,8.01,7.38,,,,6.78,7.63,7.6,
7/02/2014,8,7.42,,,,6.67,7.84,7.72,
8/02/2014,7.61,7.34,,,,6.68,8.2,7.7,
9/02/2014,7.26,7.65,,,,6.64,8.03,7.7,
10/02/2014,7.17,7.14,,,,6.56,7.9,7.88,
11/02/2014,7.21,7.26,,,,6.86,7.94,7.89,
12/02/2014,7.41,7.23,,,,6.65,7.83,7.73,
13/02/2014,6.86,7.11,,,,6.43,7.6,7.8,
14/02/2014,6.61,7.25,,,,6.25,7.71,7.71,
15/02/2014,6.92,6.83,,,,6.26,7.21,7.37,
16/02/2014,7.41,6.58,,,,6.24,6.98,7.43,
17/02/2014,7.99,7.29,,,,6.67,7.24,7.78,
18/02/2014,8.58,7.83,,,,6.81,7.66,7.94,
19/02/2014,8.47,8.01,,,,6.92,7.9,8,
20/02/2014,8.32,7.89,,,,6.93,8.02,8.07,
21/02/2014,8.57,8,,,,7.25,8.03,8.14,
22/02/2014,9.18,8.51,,,,7.45,8.19,8.54,
23/02/2014,9.34,8.81,,,,7.7,8.55,8.95,
24/02/2014,9.16,8.77,,,,7.38,8.82,8.91,
25/02/2014,8.76,8.5,,,,7.28,8.75,8.75,
26/02/2014,8.23,8.35,,,,6.96,9.15,8.77,
27/02/2014,8.36,8.18,,,,7,8.94,9.08,
28/02/2014,8.7,8.34,,,,7.2,8.69,9,
1/03/2014,8.98,8.47,,,,7.15,8.33,9.15,
2/03/2014,8.84,8.34,,,,7.17,8.32,9.24,
3/03/2014,8.65,8.04,,,,7.32,8.55,9.11,
4/03/2014,8.45,8.15,,,,7.29,8.72,9.03,
5/03/2014,8.22,7.92,,,,7.23,8.53,8.96,
6/03/2014,7.73,8.06,,,,7.12,8.61,8.99,
7/03/2014,8.34,7.86,,,,7.29,8.75,9.13,
8/03/2014,8.65,8.36,,,,7.4,8.83,9.21,
9/03/2014,8.95,8.42,,,,7.44,8.62,9.31,
10/03/2014,8.62,8.35,,,,7.33,8.9,9.26,
11/03/2014,8.19,8.18,,,,7.08,8.99,9.07,
12/03/2014,7.98,7.93,,,,6.95,8.65,9.01,
13/03/2014,8.05,7.79,,,,7.13,8.37,9.05,
14/03/2014,8.77,8.13,,,,7.5,8.28,9.23,
15/03/2014,8.9,7.99,,,,7.53,8.38,9.16,
16/03/2014,8.53,7.97,,,,7.35,8.38,9.04,
17/03/2014,8.54,8.25,,,,7.5,8.56,8.72,
18/03/2014,8.83,8.42,,,,7.66,8.12,8.74,
19/03/2014,8.72,8.33,,,,7.52,8.05,9.06,
20/03/2014,8.49,8.28,,,,7.45,8.12,9.37,
21/03/2014,8.53,8.42,,,,7.41,8.43,9.3,
22/03/2014,8.46,8.38,,,,7.45,8.36,9.2,
23/03/2014,8.88,8.48,,,,7.73,8.43,9.29,
24/03/2014,9.2,8.79,,,,7.74,8.31,9.3,
25/03/2014,9.41,8.88,,,,8.04,8.12,9.46,
26/03/2014,9.55,9.07,,,,8.17,9.23,9.52,
27/03/2014,9.34,8.88,,,,8.09,9.22,9.6,
28/03/2014,9.17,8.57,,,,8.23,9.36,9.52,
29/03/2014,8.76,8.57,,,,7.96,9.43,9.43,
30/03/2014,8.5,8.61,,,,7.99,9.46,9.45,
31/03/2014,8.41,8.45,,,,7.93,9.42,9.56,
1/04/2014,8.37,8.41,,,,7.91,9.15,9.5,
2/04/2014,8.2,8.32,,,,7.73,8.84,9.48,
3/04/2014,8.19,8.29,,,,7.6,8.88,9.41,
4/04/2014,8.66,8.37,,,,7.92,8.66,9.39,
5/04/2014,9.12,8.65,,,,8.08,8.48,9.41,
6/04/2014,9.5,8.88,,,,8.24,8.38,9.51,
7/04/2014,9.59,9.06,,,,8.18,8,9.66,
8/04/2014,9.18,9.04,,,,7.98,8.05,9.67,
9/04/2014,8.82,8.73,,,,7.81,8.03,9.62,
10/04/2014,8.42,8.47,,,,7.59,8.79,9.5,
11/04/2014,8.1,8.47,,,,7.68,9.3,9.37,
12/04/2014,8.16,8.71,,,,7.71,8.96,9.63,
13/04/2014,8.99,8.71,,,,8.21,8.95,9.88,
14/04/2014,9.42,9.18,,,,8.35,9.01,10.02,
15/04/2014,9.49,9.25,,,,8.59,9.22,10.16,
16/04/2014,9.78,9.44,,,,8.65,9.68,10.26,
17/04/2014,9.56,9.58,,,,8.89,9.53,10.43,
18/04/2014,9.8,9.57,,,,8.79,9.52,10.4,
19/04/2014,9.52,8.92,,,,8.65,9.38,10.21,
20/04/2014,9.77,9.48,,,,8.72,9.22,10.26,
21/04/2014,9.84,9.38,,,,8.71,9.19,10.31,
22/04/2014,9.7,9.56,,,,8.68,9.33,10.35,
23/04/2014,9.69,9.46,,,,8.54,9.25,10.3,
24/04/2014,9.7,9.37,,,,8.48,9.17,10.24,
25/04/2014,9.84,9.64,,,,8.45,9.16,10.11,
26/04/2014,9.93,9.74,,,,8.51,9.22,10.12,
27/04/2014,9.91,9.72,,,,8.43,9.31,10.1,
28/04/2014,9.79,9.67,,,,8.49,9.43,10.3,
29/04/2014,10.12,9.86,,,,8.61,9.31,10.5,
30/04/2014,9.95,9.84,,,,8.42,9.11,10.19,
1/05/2014,9.8,9.56,,,,8.53,9.07,10.17,
2/05/2014,10.23,9.86,,,,8.69,9.16,10.23,
3/05/2014,10.24,9.87,,,,8.71,9.56,10.27,
4/05/2014,10.49,9.99,,,,8.88,9.59,10.22,
5/05/2014,11.15,10.37,,,,9.13,9.56,10.58,
6/05/2014,11.09,10.53,,,,9.13,9.5,10.8,
7/05/2014,10.81,10.47,,,,9.01,9.8,10.9,
8/05/2014,10.76,10.48,,,,9.13,9.8,10.95,
9/05/2014,10.8,10.58,,,,9.14,10.06,11,
10/05/2014,10.87,10.59,,,,9.2,10.03,11.12,
11/05/2014,10.66,10.38,,,,9.1,10.06,11,
12/05/2014,10.52,10.41,,,,9.08,10,10.98,
13/05/2014,10.61,10.36,,,,9.13,10.01,11.02,
14/05/2014,10.73,10.49,,,,9.15,10.04,11.07,
15/05/2014,10.91,10.54,,,,9.23,10.34,11.05,
16/05/2014,10.94,10.55,,,,9.15,10.32,11.08,
17/05/2014,10.75,10.44,,,,9.08,10.67,11,
18/05/2014,10.62,10.5,,,,9.24,10.86,11.02,
19/05/2014,10.64,10.63,,,,9.17,11.01,10.99,
20/05/2014,10.43,10.45,,,,9.17,10.96,10.89,
21/05/2014,10.33,10.47,,,,9.1,11,10.88,
22/05/2014,10.17,10.49,,,,9.1,10.82,10.91,
23/05/2014,10.13,10.55,,,,9.04,10.64,11.06,
24/05/2014,9.96,10.39,,,,8.87,10.36,10.92,
25/05/2014,9.88,10.24,,,,8.59,10.07,10.93,
26/05/2014,9.77,10.02,,,,8.69,10.11,10.71,
27/05/2014,9.52,10.01,,,,8.63,9.98,10.52,
28/05/2014,9.49,9.9,,,,8.51,9.67,10.38,
29/05/2014,9.48,9.75,,,,8.56,9.43,10.24,
30/05/2014,9.97,9.89,,,,8.68,9.3,10.2,
31/05/2014,10.01,10,,,,8.71,9.27,10.23,
1/06/2014,9.99,9.85,,,,8.68,9.45,10.18,
2/06/2014,9.7,9.7,,,,8.56,9.4,10.03,
3/06/2014,9.81,9.8,,,,8.61,9.34,9.87,
4/06/2014,9.77,9.69,,,,8.64,9.34,9.96,
5/06/2014,9.85,9.82,,,,8.72,9.99,10.15,
6/06/2014,10.06,10.27,,,,8.91,10.07,10.21,
7/06/2014,10.1,10.37,,,,9.1,10.26,10.32,
8/06/2014,10.53,10.62,,,,9.28,10.44,10.45,
9/06/2014,10.7,10.78,,,,9.32,10.58,10.53,
10/06/2014,11,10.88,,,,9.46,10.67,10.69,
11/06/2014,11.26,11.01,,,,9.58,10.77,10.81,
12/06/2014,11.35,11.17,,,,9.58,10.98,10.9,
13/06/2014,11.18,11.1,,,,9.53,10.98,10.85,
14/06/2014,10.88,10.97,,,,9.46,11.02,10.75,
15/06/2014,10.84,10.99,,,,9.45,11.05,10.7,
16/06/2014,11.03,11.1,,,,9.6,11.04,10.65,
17/06/2014,11.15,11.12,,,,9.64,11.15,10.73,
18/06/2014,11.01,10.55,,,,9.67,11.26,10.73,
19/06/2014,11.02,11.29,,,,9.72,11.46,10.91,
20/06/2014,11.02,11.32,,,,9.8,11.55,11,
21/06/2014,11.11,10.77,,,,9.85,11.58,11.05,
22/06/2014,11.04,11.48,,,,9.82,11.61,11.15,
23/06/2014,10.72,11.46,,,,9.8,11.54,11.15,
24/06/2014,10.81,10.97,,,,9.7,11.58,11.29,
25/06/2014,11.09,11.23,,,,9.83,11.58,11.26,
26/06/2014,11.25,11.55,,,,9.89,11.49,11.4,
27/06/2014,11.21,11.59,,,,9.89,11.46,11.47,
28/06/2014,11.18,11.55,,,,9.85,11.45,11.54,
29/06/2014,11.19,11.45,,,,9.77,11.62,11.57,
30/06/2014,11.46,11.48,,,,9.95,11.6,11.48,
1/07/2014,11.76,11.35,,,,10.08,11.61,11.62,
2/07/2014,11.86,11.82,,,,10.15,11.65,11.81,
3/07/2014,11.78,11.83,,,,10.14,11.7,11.84,
4/07/2014,11.87,11.76,,,,10.19,11.76,11.92,
5/07/2014,11.91,11.46,,,,10.19,11.93,11.96,
6/07/2014,11.81,11.44,,,,10.17,12.14,11.96,
7/07/2014,11.63,11.17,,,,10.2,12.22,11.92,
8/07/2014,11.6,11.74,,,,10.17,12.35,11.88,
9/07/2014,11.59,11.97,,,,10.22,12.52,11.95,
10/07/2014,11.53,11.42,,,,10.11,12.52,11.95,
11/07/2014,11.68,11.7,,,,10.25,12.4,11.93,
12/07/2014,11.9,11.82,,,,10.31,12.27,12.14,
13/07/2014,11.77,12.13,,,,10.25,12.15,12.24,
14/07/2014,11.77,12.08,,,,10.3,12.09,12.26,
15/07/2014,11.92,12.19,,,,10.33,12.08,12.34,
16/07/2014,11.91,12.12,,,,10.29,12.06,12.33,
17/07/2014,11.82,11.84,,,,10.25,12.13,12.26,
18/07/2014,11.8,12.05,,,,10.2,12.23,12.33,
19/07/2014,11.85,12.08,,,,10.42,12.37,12.27,
20/07/2014,12.05,12.33,,,,10.52,12.55,12.46,
21/07/2014,12.17,12.44,,,,10.6,12.59,12.63,
22/07/2014,12.15,12.24,,,,10.65,12.75,12.68,
23/07/2014,12.09,12.42,,,,10.68,12.9,12.69,
24/07/2014,12.04,12.47,,,,10.68,12.96,12.68,
25/07/2014,11.85,12.28,,,,10.62,13.06,12.57,
26/07/2014,11.62,12.25,,,,10.58,13.06,12.66,
27/07/2014,11.55,11.84,,,,10.58,13.07,12.79,
28/07/2014,11.54,12.2,,,,10.53,13.37,12.81,
29/07/2014,11.52,12.4,,,,10.65,13.24,12.78,
30/07/2014,11.81,12.3,,,,10.61,13.09,12.88,
31/07/2014,11.53,11.72,,,,10.5,13.03,12.79,
1/08/2014,11.34,11.97,,,,10.38,13.08,12.58,
2/08/2014,11.18,11.63,,,,10.25,13.13,12.52,
3/08/2014,11.61,11.73,,,,10.57,13.21,12.68,
4/08/2014,12.17,12.5,,,,10.82,13.42,12.95,
5/08/2014,12.41,12.71,,,,11.02,13.64,13.1,
6/08/2014,12.63,12.84,,,,11.14,13.81,13.29,
7/08/2014,12.77,13,,,,11.22,13.93,13.41,
8/08/2014,12.74,13.26,,,,11.29,13.98,13.51,
9/08/2014,13.13,13.26,,,,11.3,14.02,13.54,
10/08/2014,13.15,13.17,,,,11.26,14.07,13.53,
11/08/2014,12.88,13.03,,,,11.17,13.93,13.47,
12/08/2014,12.77,13.07,,,,11.08,13.63,13.46,
13/08/2014,12.95,13.09,,,,11.08,13.54,13.33,
14/08/2014,12.83,12.97,,,,11.03,13.63,13.28,
15/08/2014,12.77,12.77,,,,11.07,13.61,13.34,
16/08/2014,12.74,12.81,,,,10.99,13.61,13.32,
17/08/2014,12.3,12.52,,,,10.8,13.39,13.14,
18/08/2014,12.11,12.4,,,,10.67,13.22,13,
19/08/2014,12.3,12.59,,,,10.74,13.31,13.07,
20/08/2014,12.43,12.71,,,,10.78,13.43,13.12,
21/08/2014,12.39,12.66,,,,10.78,13.46,13.11,
22/08/2014,12.48,12.55,,,,10.84,13.52,13.15,
23/08/2014,12.4,12.8,,,,10.83,13.57,13.14,
24/08/2014,12.32,12.75,,,,10.82,13.63,13.07,
25/08/2014,12.25,12.52,,,,10.83,13.65,13.06,
26/08/2014,12.42,12.7,,,,10.82,13.68,13.11,
27/08/2014,12.37,12.78,,,,10.77,13.75,13.07,
28/08/2014,12.31,12.8,,,,10.71,13.81,13.02,
29/08/2014,12,12.2,,,,10.59,13.76,12.93,
30/08/2014,11.85,12.57,,,,10.48,13.65,12.86,
31/08/2014,11.66,12.16,,,,10.43,13.49,12.72,
1/09/2014,11.52,12.21,,,,10.26,13.18,12.64,
2/09/2014,11.09,11.62,,,,9.97,12.58,12.38,
3/09/2014,10.9,11.58,,,,9.96,12.43,12.12,
4/09/2014,11.42,11.87,,,,10.05,12.2,12.3,
5/09/2014,11.4,11.79,,,,10.06,12.35,12.06,
6/09/2014,11.12,11.66,,,,10.09,12.38,11.93,
7/09/2014,11.29,11.72,,,,10.19,12.46,12.16,
8/09/2014,11.16,11.69,,,,10.09,12.43,12.01,
9/09/2014,10.7,11.52,,,,9.96,12.28,11.69,
10/09/2014,10.39,11.19,,,,9.67,11.86,11.33,
11/09/2014,10.13,10.99,,,,9.52,11.42,11.07,
12/09/2014,10.2,10.95,,10.44,,9.45,11.25,11.16,
13/09/2014,10.26,10.85,,10.54,,9.32,10.85,11.05,
14/09/2014,10.37,10.73,,10,,9.26,10.66,11.17,
15/09/2014,10.25,10.59,,9.39,,9.12,10.67,11.2,
16/09/2014,9.99,10.4,,10.4,,8.95,10.74,10.97,
17/09/2014,9.93,10.32,,10.59,,8.99,10.63,10.95,
18/09/2014,10.03,10.37,,10.9,,8.92,10.57,10.94,
19/09/2014,10.13,10.32,,11.36,,8.87,10.49,10.98,
20/09/2014,10.11,10.3,,10.81,,8.87,10.37,10.89,
21/09/2014,10.14,10.25,,10.58,,8.77,10.48,10.92,
22/09/2014,10.07,10.15,,10.39,,8.82,10.42,10.81,
23/09/2014,10.03,10.14,,10.2,,8.78,10.45,10.76,
24/09/2014,9.79,10.05,,9.88,,8.72,10.5,10.65,
25/09/2014,9.52,9.82,,9.85,,8.58,10.42,10.46,
26/09/2014,9.33,9.64,,10.3,,8.43,10.14,,
27/09/2014,9.5,9.61,10.61,10.01,,8.39,9.89,,
28/09/2014,9.65,9.62,10.47,9.49,,8.26,9.81,,
29/09/2014,9.34,9.27,10.49,9.49,,8.15,9.94,,
30/09/2014,9.07,9.35,10.4,9.75,,8.16,9.98,,
1/10/2014,8.85,9.32,10.37,9.84,,8.09,9.95,,
2/10/2014,8.87,9.23,10.33,10.87,,8.06,9.85,,
3/10/2014,8.88,9.26,10.28,10.42,,8.13,9.7,,
4/10/2014,8.79,9.19,10.21,9.64,,8.03,9.71,,
5/10/2014,8.68,9.08,10.08,9.05,,7.96,9.77,,
6/10/2014,8.51,8.96,9.89,8.73,,7.9,9.83,,
7/10/2014,8.33,8.91,9.76,8.08,,7.89,9.65,,
8/10/2014,8.38,8.81,9.72,10.51,,7.8,9.45,,
9/10/2014,8.95,9.07,9.89,10.24,,7.9,9.28,,
10/10/2014,9.03,8.96,9.93,9.66,,7.8,9.3,,
11/10/2014,8.65,8.72,9.87,9.39,,7.74,9.35,,
12/10/2014,8.57,8.58,9.71,9.36,,7.74,9.61,,
13/10/2014,8.41,8.61,9.54,5.66,,7.78,9.46,,
14/10/2014,8.34,8.66,9.57,5.32,,7.74,9.32,,
15/10/2014,8.7,8.84,10.02,6.16,,7.87,9.3,,
16/10/2014,9.1,8.89,10.18,5.35,9.26,7.9,9.37,,
17/10/2014,8.93,9.01,10.17,4.67,8.7,7.92,9.63,,
18/10/2014,8.59,9.03,10.08,3.85,8.25,7.97,9.85,,
19/10/2014,8.27,9.11,10.08,3.07,7.35,7.98,9.94,,
20/10/2014,8.05,9.09,9.96,2.08,7.04,7.93,9.77,,
21/10/2014,7.71,8.93,9.86,1.58,4.3,7.78,9.88,,
22/10/2014,7.79,8.77,9.73,0.72,2.33,7.65,9.79,,
23/10/2014,7.59,8.45,9.52,0.45,6.18,7.5,9.6,,
24/10/2014,7.48,8.33,9.39,0.27,7.34,7.34,9.46,,
25/10/2014,7.18,8.15,9.36,0.41,5.94,7.23,9.29,,
26/10/2014,6.99,7.94,9.26,0.02,5.9,7.1,9.29,,
27/10/2014,6.56,7.8,9.21,0.17,5.97,7.1,9.23,,
28/10/2014,7.56,7.74,9.19,1.14,6.21,6.98,9.05,,
29/10/2014,8.1,8.3,9.4,1.36,8.36,7.31,9.19,,
30/10/2014,8.37,8.47,9.54,1.06,8.04,7.45,9.42,,
31/10/2014,8.33,8.52,9.6,2.46,7.74,7.57,9.7,,
1/11/2014,8.23,8.61,9.51,2.5,7.05,7.49,9.62,,
2/11/2014,8.25,8.37,9.43,4.8,8.02,7.43,9.42,,
3/11/2014,8.67,8.77,9.7,5.32,7.89,7.58,9.31,,
4/11/2014,8.74,8.75,9.71,5.8,7.41,7.54,9.29,,
5/11/2014,8.64,8.71,9.63,6.43,7.72,7.51,9.38,,
6/11/2014,8.72,8.48,9.76,6.73,8.76,7.65,9.52,,
7/11/2014,8.94,9,9.93,6.97,7.14,7.73,9.58,,
8/11/2014,8.74,8.98,9.8,6.89,6.47,7.7,9.51,,
9/11/2014,8.5,8.84,9.68,5.06,6.22,7.62,9.57,,
10/11/2014,8.42,8.83,9.6,5.48,7.71,7.61,9.51,,
11/11/2014,8.68,8.95,9.73,6.08,7.54,7.66,9.42,,
12/11/2014,8.72,8.92,9.73,5.94,6.17,7.62,9.34,,
13/11/2014,8.46,8.72,9.53,5.05,5.18,7.53,9.46,,
14/11/2014,8.04,8.57,9.41,3.83,4.71,7.5,9.43,,
15/11/2014,7.8,8.5,9.27,3.11,5.45,7.43,9.15,,
16/11/2014,7.86,8.35,9.25,2.78,6.57,7.36,8.89,,
17/11/2014,8.1,8.26,9.27,3.45,9.04,7.3,8.8,,
18/11/2014,8.73,8.58,9.39,4.59,5.83,7.57,9.03,,
19/11/2014,8.6,8.72,9.44,5.62,5.84,7.72,9.3,,
20/11/2014,8.44,8.83,9.51,5.78,4.79,7.64,9.52,,
21/11/2014,8.09,8.7,9.34,5.76,3.46,7.59,9.44,,
22/11/2014,7.78,8.58,9.22,2.2,3.78,7.49,9.22,,
23/11/2014,7.78,8.64,9.25,5.07,3.1,7.5,9.05,,
24/11/2014,7.99,8.53,9.1,3.34,4.67,7.37,8.98,,
25/11/2014,7.76,8.31,8.98,2.93,5.39,7.25,8.85,,
26/11/2014,8.16,8.53,8.99,2.3,6.28,7.38,8.78,,
27/11/2014,8.22,8.59,9.13,2.23,7.04,7.4,8.89,,
28/11/2014,8.06,8.63,9.11,1.31,5.5,7.51,9.04,,
29/11/2014,8.27,8.61,9.06,2.7,5.14,7.51,9.1,,
30/11/2014,8.17,8.49,8.95,3.33,3.56,7.5,9.13,,
1/12/2014,7.96,8.37,8.81,2.1,2.21,7.38,8.99,,
2/12/2014,7.81,8.25,8.66,1.25,2.96,7.25,8.72,,
3/12/2014,7.94,8.23,8.66,0.2,2.2,7.1,8.46,,
4/12/2014,7.55,8.02,8.53,0.34,2.22,6.96,8.41,,
5/12/2014,7.16,7.84,8.34,-0.14,2.21,6.83,8.38,,
6/12/2014,7.28,8.06,8.48,0.56,10.57,7.03,8.51,,
7/12/2014,7.07,8.21,8.7,3.11,11.02,7.17,8.73,,
8/12/2014,8.04,,8.8,6.29,10.51,7.19,8.59,,
9/12/2014,7.79,,8.75,8.36,10.24,7.1,8.75,,
10/12/2014,7.27,,8.71,8.13,9.99,7.17,8.98,,
11/12/2014,7.68,,8.61,9.25,10.4,7.14,8.62,,
12/12/2014,7.08,,8.6,9.06,10.65,6.99,8.39,,
13/12/2014,7.55,,8.8,8.68,10.59,7.2,8.54,,
14/12/2014,7.09,,8.7,8.14,10.24,7.01,8.55,,
15/12/2014,7.55,,8.54,8.36,10,6.94,8.64,,
16/12/2014,7.34,,8.45,8.25,9.87,6.99,8.45,,
17/12/2014,7.45,,8.43,8.89,10.35,6.87,8.33,,
18/12/2014,7.8,,8.4,9.37,11.17,6.86,8.27,,
19/12/2014,7.84,8.29,8.63,9.31,11.04,7.1,8.3,,
20/12/2014,8.42,8.47,8.51,9.47,11.28,7.32,8.44,,
21/12/2014,8.58,8.64,9.09,8.45,10.46,7.43,8.78,,
22/12/2014,8.36,8.55,9.09,8,10.15,7.37,8.69,,
23/12/2014,7.97,8.36,8.72,8.87,10.61,7.2,8.61,,
24/12/2014,7.86,8.23,8.59,9.21,10.2,7.08,8.43,,
25/12/2014,8.51,8.59,8.86,9.23,10.89,7.33,8.4,,
26/12/2014,8.7,8.57,9.09,9.28,11.02,7.36,8.5,,
27/12/2014,8.68,8.64,9.06,9.72,11.52,7.4,8.73,,
28/12/2014,8.71,8.75,9.15,9.08,11.07,7.51,8.73,,
29/12/2014,8.53,8.64,9.08,8.38,10.46,7.5,8.77,,
30/12/2014,8.21,8.63,8.88,9.01,10.79,7.44,8.93,,
31/12/2014,8.31,8.69,8.77,9,10.68,7.38,8.82,,
1/01/2015,8.66,8.76,8.92,8.56,10.5,7.41,8.65,,
2/01/2015,8.65,8.69,9.04,8.45,9.82,7.33,8.52,,
3/01/2015,8.43,8.52,9.02,7.87,9.89,7.18,8.76,,
4/01/2015,8.08,8.44,8.75,7.16,8.33,7.27,8.69,,
5/01/2015,7.67,8.05,8.52,8.13,9.75,7.06,8.39,,
6/01/2015,7.99,7.96,8.81,8.03,9.6,7.01,8.35,,
7/01/2015,7.77,7.68,8.66,7.98,9.57,6.83,8.31,,
8/01/2015,7.48,7.79,8.45,6.99,9.49,6.73,8.11,,
9/01/2015,7.31,7.69,7.72,8.03,9.58,6.69,7.91,,
10/01/2015,6.99,7.26,7.95,8.7,10.48,6.43,7.9,,
11/01/2015,7.17,7.27,7.93,8.91,10.81,6.49,7.58,,
12/01/2015,7.73,7.42,8.01,8.61,10.46,6.58,7.45,,
13/01/2015,8.22,7.65,8.57,8.2,10,6.77,7.99,,
14/01/2015,7.95,7.78,8.53,8.34,9.55,6.89,8.66,,
15/01/2015,7.69,7.44,8.79,9.08,10.77,7.2,8.81,,
16/01/2015,8.62,7.55,9.01,9.29,10.98,7.35,8.65,,
17/01/2015,8.74,7.89,9.3,8.63,10.37,7.42,8.66,,
18/01/2015,8.6,7.48,,8.94,10.59,7.42,8.73,,
19/01/2015,8.68,8.33,,9.25,11.02,7.52,8.6,,
20/01/2015,8.77,8.45,,8.61,10.63,7.49,8.49,,
21/01/2015,8.59,8.06,,9.27,10.33,7.31,8.81,,
22/01/2015,8.45,7.67,,8.41,10.04,7.34,8.87,,
23/01/2015,8.62,8.2,,7.85,9.56,7.46,8.95,,
24/01/2015,8.3,7.87,,8.32,10.02,7.29,9.12,,
25/01/2015,8.01,7.54,,,10.41,7.25,8.87,,
26/01/2015,7.92,6.68,,,11.45,7.13,8.78,,
27/01/2015,7.59,8.29,,,11.69,7.29,8.86,,
28/01/2015,8.43,8.45,,,11.49,7.48,8.99,,
29/01/2015,8.61,8.63,,,10.9,7.66,9.16,,
30/01/2015,8.58,9.15,,,11.15,7.72,9.34,,
31/01/2015,8.47,9.17,,,11.22,7.71,9.44,,
1/02/2015,8.2,9.2,,,11.21,7.68,9.38,,
2/02/2015,8.85,9.23,,,11.4,7.68,9.44,,
3/02/2015,9.27,9.33,,,10.99,7.76,9.47,,
4/02/2015,9.38,9.34,,,10.99,7.74,9.56,,
5/02/2015,9.2,9.34,,,11.18,7.79,9.65,,
6/02/2015,9.29,9.37,,,10.67,7.79,9.66,,
7/02/2015,9.11,9.36,,,10.4,7.69,9.65,,
8/02/2015,8.47,9.13,,,10,7.6,9.66,,
9/02/2015,8.28,9.01,,,10.35,7.53,9.38,,
10/02/2015,8.34,8.91,,,10.72,7.44,9.11,,
11/02/2015,8.48,8.73,,,10.6,7.35,8.92,,
12/02/2015,8.26,8.62,,,10.26,7.22,8.88,,
13/02/2015,8.06,8.45,,,9.91,7.22,8.87,,
14/02/2015,8.01,8.34,,,9.24,7.06,8.68,,
15/02/2015,7.73,8.14,,,10.11,6.91,8.49,,
16/02/2015,7.79,8.12,,,9.76,6.85,8.31,,
17/02/2015,7.77,8.24,,,11.21,6.87,8.28,,
18/02/2015,8.27,8.38,,,10.74,6.97,8.41,,
19/02/2015,8.67,8.35,,,10.45,7,8.48,,
20/02/2015,8.44,8.35,,,10.11,7.16,8.81,,
21/02/2015,8.14,8.31,7.27,,10.02,7.19,,,
22/02/2015,7.82,8.13,7.34,,10.04,6.96,,,
23/02/2015,7.58,7.82,7.41,,9.73,6.8,8.3,,
24/02/2015,7.24,7.57,7.29,,10.78,6.6,7.97,,
25/02/2015,7.89,7.81,7.54,,11.79,6.83,8.07,,
26/02/2015,8.3,7.98,7.77,,11.33,6.97,8.36,,
27/02/2015,8.19,7.91,7.81,,10.69,7.01,,,
28/02/2015,8.03,8.18,7.87,,10.3,7.16,8.88,,
1/03/2015,7.57,8.18,7.81,,10.11,7.1,8.78,,
2/03/2015,7.68,7.86,7.77,,11.44,7.09,8.72,,
3/03/2015,8.28,7.93,7.98,,11.08,7.15,8.74,,
4/03/2015,8.47,7.92,7.95,,11.18,7.05,8.71,,
5/03/2015,8.65,8.12,7.97,,11.45,7.19,9.26,,
6/03/2015,8.89,8.07,8.13,,12.34,7.46,9.51,,
7/03/2015,9.42,8.47,8.41,,11.51,7.61,9.44,,
8/03/2015,9.53,8.77,8.52,,11.03,7.57,9.45,,
9/03/2015,9.44,8.72,8.55,,10.87,7.4,9.58,,
10/03/2015,9.24,9.06,8.5,,10.71,7.41,9.61,,
11/03/2015,9.07,9.1,8.52,,10.64,7.55,9.67,,
12/03/2015,9.02,9.11,8.55,,11.14,7.59,9.67,,
13/03/2015,8.99,9.08,8.46,,11.59,7.57,9.75,,
14/03/2015,9.19,9.28,8.4,,11.9,7.45,9.81,,
15/03/2015,9.38,9.44,8.42,,11.48,7.44,9.85,,
16/03/2015,9.15,9.32,8.48,,11.39,7.44,9.8,,
17/03/2015,9.25,9.31,8.54,,11.64,7.69,9.71,,
18/03/2015,8.89,9.14,8.45,,10.39,7.58,9.48,,
19/03/2015,8.71,8.94,8.58,,10.43,7.45,9.3,,
20/03/2015,9.3,8.93,8.88,,10.2,7.66,9.17,,
21/03/2015,8.88,8.75,8.62,,11.77,7.66,9.31,,
22/03/2015,9.43,9.12,8.78,,11.69,7.84,8.96,,
23/03/2015,9.76,9.08,8.95,,10.62,7.85,9.09,,
24/03/2015,9.26,8.89,8.7,,11.35,7.71,9.11,,
25/03/2015,9.29,8.88,8.48,,12.37,7.78,9.16,,
26/03/2015,9.76,9.02,8.73,,12.6,7.97,9.46,,
27/03/2015,9.9,9.28,8.86,,12.46,8.02,9.43,,
28/03/2015,10.09,9.45,8.94,,12.19,8.13,9.66,,
29/03/2015,10.14,9.48,9.1,,11.97,8.17,9.86,,
30/03/2015,9.85,9.54,9.13,,11.82,8.19,9.88,,
31/03/2015,9.77,9.57,9,,11.16,8.22,9.98,,
1/04/2015,9.72,9.47,9.04,,10.86,8.21,10.08,,
2/04/2015,9.59,9.6,9.08,,11.28,8.12,10.05,,
3/04/2015,9.41,9.41,8.94,,12.2,8.01,9.91,,
4/04/2015,9.88,9.56,8.99,,12.08,8.13,9.85,,
5/04/2015,10.09,9.66,9.19,,11.43,8.09,9.81,,
6/04/2015,9.77,9.47,9.13,,11.71,8.06,9.9,,
7/04/2015,9.72,9.34,8.95,,12.17,8.04,9.84,,
8/04/2015,9.89,9.39,8.92,,12.51,8.15,9.74,,
9/04/2015,10.37,9.67,9.1,,11.93,8.35,9.87,,
10/04/2015,10.65,9.85,9.38,,11.68,8.44,10.08,,
11/04/2015,10.46,9.69,9.48,,11.43,8.46,10.32,,
12/04/2015,10.35,9.9,9.48,,11.21,8.5,10.58,,
13/04/2015,10.12,9.74,9.4,,11.27,8.45,10.65,,
14/04/2015,10.07,9.78,9.31,,11.33,8.45,10.56,,
15/04/2015,9.83,9.59,9.38,,10.87,8.29,10.48,,
16/04/2015,9.58,9.4,9.25,,10.69,8.09,10.36,,
17/04/2015,9.52,9.43,9.21,,11.89,8.06,10.12,,
18/04/2015,9.47,9.34,8.89,,11.99,7.85,9.72,,
19/04/2015,9.35,9.19,8.81,,11.32,7.75,9.63,,
20/04/2015,9.64,9.43,9.11,,13.22,8.26,9.77,,
21/04/2015,10.25,10.08,9.35,,13.12,8.59,10.1,,
22/04/2015,10.77,10.36,9.58,,12.54,8.8,10.56,,
23/04/2015,11.03,10.44,9.7,,12.36,8.98,10.75,,
24/04/2015,10.81,10.33,9.7,,11.96,8.97,10.92,,
25/04/2015,10.63,10.75,9.73,,11.62,8.9,11.01,,
26/04/2015,10.38,10.59,9.55,,12.68,8.84,10.92,,
27/04/2015,10.66,10.7,9.52,,12.62,8.95,10.85,,
28/04/2015,10.92,10.86,9.58,,12.43,9.03,10.78,,
29/04/2015,10.97,10.89,9.68,,12.49,9.03,10.71,,
30/04/2015,10.87,10.88,9.67,,12.73,8.98,10.65,,
1/05/2015,10.99,10.9,9.69,,11.77,9,10.64,,
2/05/2015,10.89,10.84,9.68,,11.93,8.95,10.7,,
3/05/2015,10.57,10.7,9.62,,11.37,8.85,10.73,,
4/05/2015,10.46,10.61,9.48,,11.34,8.81,10.64,,
5/05/2015,10.41,10.59,9.44,,11.57,8.8,10.59,,
6/05/2015,10.36,10.51,9.41,,12.38,8.69,10.58,,
7/05/2015,10.7,10.6,9.27,,12.38,8.88,10.58,,
8/05/2015,10.92,10.66,9.52,,12.67,8.91,10.55,,
9/05/2015,10.93,10.79,9.5,,12.81,8.92,10.43,,
10/05/2015,10.92,10.74,9.53,,12.65,8.87,10.43,,
11/05/2015,10.87,10.74,9.54,,11.62,8.94,10.55,,
12/05/2015,10.8,10.74,9.45,,11.73,8.97,10.55,,
13/05/2015,10.78,10.8,9.38,,11.93,8.98,10.59,,
14/05/2015,10.99,10.82,9.45,,13.71,9.11,10.68,,
15/05/2015,11.57,11.15,9.61,,12.86,9.33,10.84,,
16/05/2015,11.5,11.21,9.76,,12.53,9.32,10.87,,
17/05/2015,11.53,11.29,9.69,,11.92,9.36,10.8,,
18/05/2015,11.59,11.32,9.79,,11.71,9.39,10.92,,
19/05/2015,11.43,11.3,9.88,,12.17,9.34,10.98,,
20/05/2015,11,11.11,9.81,,11.19,9.2,11.17,,
21/05/2015,10.71,11.01,9.63,,12.27,9.14,11.16,,
22/05/2015,10.89,11.13,9.76,,13.52,9.24,11.19,,
23/05/2015,11.22,11.29,9.85,,12.62,9.35,11.18,,
24/05/2015,11.44,11.3,9.98,,12.72,9.35,11.04,,
25/05/2015,11.63,11.4,10.16,,12.2,9.43,11.05,,
26/05/2015,11.65,11.31,10.21,,11.94,9.37,11.1,,
27/05/2015,11.46,11.26,10.22,,12.11,9.29,11.21,,
28/05/2015,11.26,11.19,10.16,,10.99,9.29,11.26,,
29/05/2015,11.08,11.16,10.1,,11.7,9.23,11.33,,
30/05/2015,10.97,11.08,10.03,,11.59,9.32,11.31,,
31/05/2015,11.05,11.26,10.01,,12.19,9.34,11.19,,
1/06/2015,11.16,11.26,10.07,,12.2,9.39,11.15,,
2/06/2015,11.16,11.33,10.07,,13.12,9.39,11.07,,
3/06/2015,11.67,11.46,10.13,,13.36,9.57,11.06,,
4/06/2015,12.03,11.65,10.26,,13.28,9.64,11.17,,
5/06/2015,12.12,11.69,10.38,,12.43,9.71,11.18,,
6/06/2015,11.91,11.63,10.36,,12.51,9.63,11.26,,
7/06/2015,11.91,11.67,10.34,,12.49,9.73,11.3,,
8/06/2015,11.94,11.75,10.46,,12.64,9.71,11.44,,
9/06/2015,11.78,11.72,10.42,,11.95,9.73,11.63,,
10/06/2015,11.66,11.73,10.36,,12.87,9.73,11.66,,
11/06/2015,11.7,11.73,10.31,,13.35,9.78,11.55,,
12/06/2015,11.96,11.83,10.47,,12.65,9.94,11.48,,
13/06/2015,12.21,11.89,10.56,,12.36,9.98,11.38,,
14/06/2015,12.01,11.84,10.54,,12.02,9.89,11.39,,
15/06/2015,11.57,11.74,10.43,,12.67,9.77,11.49,,
16/06/2015,11.29,11.48,10.31,,12.58,9.63,11.47,,
17/06/2015,10.97,11.21,10.11,,12.57,9.53,11.31,,
18/06/2015,10.87,11.14,9.95,,11.88,9.47,11.15,,
19/06/2015,11.15,11.17,10.01,,12.52,9.5,11.22,,
20/06/2015,11.29,11.31,10.05,,12.72,9.62,11.09,,
21/06/2015,11.59,11.42,10.23,,13.67,9.65,10.99,,
22/06/2015,11.85,11.65,10.33,,13.56,9.82,11.11,,
23/06/2015,12.28,11.92,10.49,,12.84,9.93,11.38,,
24/06/2015,12.27,11.9,10.51,,12.7,9.9,11.33,,
25/06/2015,11.99,11.84,10.47,,12.38,9.83,11.34,,
26/06/2015,11.91,11.79,10.48,,13.12,9.87,11.35,,
27/06/2015,11.93,11.87,10.51,,12.2,9.93,11.34,,
28/06/2015,12.05,11.95,10.61,,11.88,10,11.69,,
29/06/2015,12.33,12.08,10.66,,12.17,10.1,11.66,,
30/06/2015,12.2,12.09,10.66,,13.32,10.05,11.48,,
1/07/2015,12.05,11.97,10.65,,12.46,9.98,11.5,,
2/07/2015,12.11,11.88,10.65,,12.79,10.02,11.74,,
3/07/2015,12.14,11.97,10.71,,12.87,10.08,11.87,,
4/07/2015,12.26,12.07,10.84,,13.4,10.18,11.82,,
5/07/2015,12.41,12.17,10.88,,12.48,10.2,11.85,,
6/07/2015,12.45,12.18,10.96,,12.21,10.17,12.07,,
7/07/2015,12.25,12.16,10.91,,11.99,10.17,12.2,,
8/07/2015,12.08,12.11,10.85,,11.27,10.18,12.35,,
9/07/2015,11.93,12.13,10.9,,12.92,10.12,12.26,,
10/07/2015,11.78,12.03,10.95,,13.04,10.07,12.24,,
11/07/2015,11.81,11.99,10.87,,12.24,10.05,12.29,,
12/07/2015,11.73,11.94,10.79,,13.75,9.99,12.38,,
13/07/2015,12.05,11.96,10.8,,13.38,10.12,12.35,,
14/07/2015,12.37,12.21,10.92,,12.71,10.2,12.29,,
15/07/2015,12.23,12.18,10.96,,12.65,10.17,12.3,,
16/07/2015,12.11,12.17,10.93,,13.16,10.18,12.42,,
17/07/2015,12.25,12.22,10.99,,13.28,10.25,12.46,,
18/07/2015,12.33,12.33,11.09,,14.06,10.32,12.47,,
19/07/2015,12.53,12.33,11.15,,13.1,10.41,12.56,,
20/07/2015,12.62,12.41,11.16,,13.05,10.46,12.59,,
21/07/2015,12.73,12.47,11.2,,13.34,10.52,12.8,,
22/07/2015,12.81,12.55,11.3,,12.79,10.57,12.8,,
23/07/2015,12.57,12.43,11.3,,12.72,10.44,12.73,,
24/07/2015,12.36,12.35,11.24,,12.68,10.39,12.51,,
25/07/2015,12.03,12.15,11.21,,12.47,10.21,12.41,,
26/07/2015,11.79,12.04,11.14,,12.78,10.15,12.37,,
27/07/2015,11.89,12.06,11.09,,13.38,10.11,12.09,,
28/07/2015,12.11,12.03,11.09,,13.01,10.15,11.95,,
29/07/2015,12.27,12.13,11.17,,12.78,10.23,11.94,,
30/07/2015,12.43,12.11,11.15,,14.07,10.19,12.05,,
31/07/2015,12.42,12.09,11.1,,12.76,10.21,12.15,,
1/08/2015,12.33,12.07,11.02,,12.43,10.16,12.27,,
2/08/2015,11.8,11.7,10.91,,12.9,9.99,12.1,,
3/08/2015,11.54,11.69,10.84,,12.91,9.94,12.08,,
4/08/2015,11.74,12.01,10.87,,12.33,9.94,12.04,,
5/08/2015,11.83,12,10.83,,12.64,9.94,12.09,,
6/08/2015,11.92,11.98,10.74,,12.86,9.92,12.25,,
7/08/2015,12.04,11.99,10.82,,12.59,9.97,12.27,,
8/08/2015,12.03,12.08,10.8,,12.5,9.99,12.36,,
9/08/2015,11.87,12.06,10.83,,12.18,9.95,12.4,,
10/08/2015,11.84,12.04,10.81,,12.59,9.97,12.37,,
11/08/2015,11.84,12.03,10.64,,12.49,9.92,12.41,,
12/08/2015,11.87,11.99,10.78,,12.9,9.94,12.28,,
13/08/2015,11.68,11.86,10.62,,12.64,9.82,12.15,,
14/08/2015,11.59,11.85,10.71,,11.95,9.9,12.16,,
15/08/2015,11.29,11.91,10.81,,11.84,9.89,12.06,,
16/08/2015,11.07,11.84,10.75,,11.89,9.82,11.89,,
17/08/2015,11.05,11.72,10.64,,11.46,9.72,12.08,,
18/08/2015,11.15,11.68,10.61,,12.31,9.74,12.18,,
19/08/2015,11.27,11.69,10.55,,12.96,9.75,12.17,,
20/08/2015,11.78,11.77,10.69,,12.39,9.91,12.12,,
21/08/2015,11.77,11.74,10.73,,12.18,9.79,12.11,,
22/08/2015,11.54,11.52,10.53,,11.78,9.62,12.09,,
23/08/2015,11.38,11.45,10.47,,11.57,9.64,12.07,,
24/08/2015,11.35,11.52,10.5,,12.18,9.63,11.95,,
25/08/2015,11.25,11.45,10.36,,13.72,9.55,11.79,,
26/08/2015,11.58,11.5,10.41,,12.86,9.68,11.77,,
27/08/2015,11.78,11.51,10.59,,12.26,9.64,11.7,,
28/08/2015,11.47,11.39,10.48,,12.66,9.54,11.65,,
29/08/2015,11.38,11.4,10.37,,12.55,9.58,11.68,,
30/08/2015,11.42,11.39,10.38,,12.88,9.61,11.7,,
31/08/2015,11.59,11.45,10.44,,12.51,9.66,11.67,,
1/09/2015,11.66,11.48,10.46,,12.2,9.67,11.62,,
2/09/2015,11.55,11.34,10.33,,12.59,9.57,11.69,,
3/09/2015,11.13,11.03,10.18,,12.41,9.44,11.71,,
4/09/2015,10.89,11.01,10.09,,12.58,9.38,11.32,,
5/09/2015,11.06,11.05,10.19,,12.1,9.41,11.14,,
6/09/2015,11.22,11.14,10.27,,12.05,9.37,10.91,,
7/09/2015,11.2,11.13,10.22,,12.06,9.3,11.03,,
8/09/2015,11.12,11.02,10.09,,12.8,9.33,11.19,,
9/09/2015,11.31,11.17,10.07,,12.18,9.41,11.15,,
10/09/2015,11.15,11.15,10.16,,12.62,9.35,11.17,,
11/09/2015,10.91,11.21,10.22,,12,9.35,11.07,,
12/09/2015,10.76,11.17,10.23,,11.39,9.3,11.09,,
13/09/2015,10.66,11.09,10.12,,11.45,9.16,11.25,,
14/09/2015,10.51,11.08,10.07,,11.5,9.1,11.25,,
15/09/2015,10.32,10.89,9.88,,11.34,8.98,11.14,,
16/09/2015,10.14,10.74,9.64,,12.18,8.78,11.06,,
17/09/2015,10.23,10.71,9.71,,11.55,8.82,10.87,,
18/09/2015,10.3,10.67,9.6,,12.36,8.75,10.84,,
19/09/2015,10.39,10.7,9.62,,12.61,8.88,10.91,,
20/09/2015,10.37,10.75,9.67,,11.96,8.93,11.07,,
21/09/2015,10.45,10.79,9.71,,11.74,8.91,11.09,,
22/09/2015,10.21,10.71,9.66,,13.19,8.8,10.96,,
23/09/2015,10.48,10.69,9.61,,13.24,8.86,10.86,,
24/09/2015,10.8,10.64,9.65,,13.61,8.94,10.83,,
25/09/2015,10.98,10.81,9.71,,13.1,9,10.92,,
26/09/2015,10.92,10.78,9.73,,12.92,9.05,11.04,,
27/09/2015,10.76,10.74,9.7,,12.04,9.01,11.14,,
28/09/2015,10.52,10.62,9.66,,11.8,8.9,11.07,,
29/09/2015,10.29,10.43,9.57,,11.9,8.76,10.92,,
30/09/2015,10.06,10.31,9.4,,12.62,8.62,10.73,,
1/10/2015,10.04,10.19,9.34,,12.21,8.6,10.67,,
2/10/2015,10,10.05,9.29,,11.5,8.56,10.61,,
3/10/2015,9.78,10.11,9.27,,11.34,8.52,10.66,,
4/10/2015,9.52,10.06,9.27,,11.41,8.44,10.58,,
5/10/2015,9.24,9.81,9.22,,11.14,8.29,10.3,,
6/10/2015,9,9.69,9.06,,11.17,8.11,10.06,,
7/10/2015,8.78,9.55,8.9,,11.32,7.92,9.82,,
8/10/2015,9.03,9.43,8.81,,13.27,7.99,9.84,,
9/10/2015,9.34,9.59,8.8,,11.7,8.12,9.67,,
10/10/2015,9.46,9.55,8.88,,10.86,8.09,9.73,,
11/10/2015,8.79,9.32,8.8,,11.24,8.03,9.73,,
12/10/2015,8.34,9.11,8.68,,10.89,7.81,9.45,,
13/10/2015,8.59,9.18,8.66,,12.25,7.75,9.31,,
14/10/2015,8.77,9.19,8.6,,11.87,7.85,9.47,,
15/10/2015,8.83,9.21,8.6,,11.58,7.85,9.55,,
16/10/2015,8.65,9.22,8.62,,10.73,7.8,9.81,,
17/10/2015,8.43,9.16,8.6,,10.73,7.79,9.65,,
18/10/2015,8.17,9.05,8.55,,11.98,7.61,9.3,,
19/10/2015,8.36,8.92,8.63,,11.06,7.58,9.03,,
20/10/2015,8.59,9.05,8.58,,10.66,7.53,9.09,,
21/10/2015,8.09,8.79,8.45,,10.64,7.41,9.29,,
22/10/2015,7.78,8.6,8.39,,11.32,7.34,8.95,,
23/10/2015,8.35,8.85,8.55,,12.3,7.42,8.89,,
24/10/2015,8.76,9.03,8.73,,11.81,7.55,8.96,,
25/10/2015,8.68,8.99,8.64,,10.67,7.51,9.2,,
26/10/2015,8.33,8.87,8.56,,10.79,7.43,9.51,,
27/10/2015,8.11,8.78,8.54,,11.42,7.41,9.48,,
28/10/2015,8.41,8.99,8.66,,11.29,7.52,9.44,,
29/10/2015,8.49,9,8.62,,10.8,7.49,9.41,,
30/10/2015,8.71,9.01,8.52,,10.72,7.46,9.37,,
31/10/2015,8.47,8.83,8.44,,10.37,7.31,9.36,,
1/11/2015,8.06,8.65,8.29,,10.2,7.15,9.62,,
2/11/2015,7.5,8.56,8.1,,10.79,6.97,9.38,,
3/11/2015,7.7,8.56,8.28,,11.07,7.08,9.02,,
4/11/2015,7.77,8.38,8.15,,11.36,6.89,8.78,,
5/11/2015,,8.16,7.9,,10.12,6.84,8.9,,
6/11/2015,,8.19,7.87,,10.7,6.99,8.92,,
7/11/2015,7.37,8.27,8.04,,10.88,7.14,8.86,,
8/11/2015,7.72,8.31,8.29,,10.8,7.3,8.73,,
9/11/2015,7.78,8.57,8.44,,10.43,7.27,8.61,,
10/11/2015,7.68,7.86,8.28,,10.38,7.17,8.68,,
11/11/2015,7.53,7.96,8.08,,10.64,6.45,8.58,,
12/11/2015,7.52,7.73,8.06,,11.27,6.98,8.6,,
13/11/2015,7.61,7.66,8.1,,10.05,6.81,8.5,,
14/11/2015,7.84,8.28,8.11,,11.51,6.85,8.59,,
15/11/2015,8.02,8.44,8.22,,11.57,7.13,8.75,,
16/11/2015,8.15,8.38,8.34,,11.34,7.19,8.67,,
17/11/2015,7.93,8.73,8.35,,10.42,7.02,8.56,,
18/11/2015,7.76,8.62,8.1,,10.28,6.66,8.64,,
19/11/2015,7.48,8.53,7.91,,10.14,6.8,8.58,,
20/11/2015,7.5,8.41,7.88,,9.73,6.41,8.43,,
21/11/2015,7.43,8.27,7.8,,10.82,6.3,8.18,,
22/11/2015,7.64,8.39,7.83,,11.86,6.66,8.28,,
23/11/2015,8.14,8.54,7.94,,11.5,6.93,8.26,,
24/11/2015,8.23,8.51,8.02,,11.36,7.03,8.28,,
25/11/2015,8.22,8.35,7.97,,10.83,7.04,8.38,,
26/11/2015,8.08,8.47,7.92,,10.4,7.04,8.38,,
27/11/2015,8.02,8.46,7.78,,12.14,7.14,8.51,,
28/11/2015,8.47,8.77,7.88,,11.85,7.4,8.6,,
29/11/2015,8.57,8.8,8.07,,11.13,7.39,8.56,,
30/11/2015,8.48,8.77,8.04,,10.71,7.31,8.55,,
1/12/2015,8.34,8.67,7.97,,10,7.2,8.52,,
2/12/2015,8.17,8.61,7.83,,11.4,7.2,8.46,,
3/12/2015,8.5,8.93,8.09,,12.18,7.36,8.42,,
4/12/2015,8.77,9.08,8.33,,11.13,7.47,8.35,,
5/12/2015,8.47,9.06,8.36,,10.45,7.49,8.33,,
6/12/2015,8.15,8.83,8.16,,9.98,7.38,8.04,,
7/12/2015,7.79,8.7,7.93,,9.72,7.23,8.21,,
8/12/2015,7.56,8.44,7.69,,10.03,7.04,7.95,,
9/12/2015,7.54,8.33,7.57,,10.12,6.94,7.73,,
10/12/2015,7.75,8.37,7.71,,10.51,6.93,7.69,,
11/12/2015,7.82,8.36,7.77,,10.55,6.93,7.76,,
12/12/2015,7.86,8.4,7.78,,11.31,6.92,7.77,,
13/12/2015,8.21,8.56,7.84,,11.7,7.15,8,,
14/12/2015,8.41,8.6,8.01,,10.52,7.14,7.97,,
15/12/2015,8.16,8.53,7.86,,10.33,7.07,7.93,,
16/12/2015,7.87,8.31,7.69,,10.1,6.98,7.99,,
17/12/2015,7.88,8.36,7.72,,9.8,7,8.1,,
18/12/2015,7.71,8.27,7.69,,9.64,6.85,8.09,,
19/12/2015,7.59,8.09,7.6,,9.62,6.66,7.8,,
20/12/2015,7.43,7.93,7.5,,9.78,6.53,7.61,,
21/12/2015,7.55,7.89,7.35,,9.98,6.48,7.62,,
22/12/2015,7.75,7.97,7.39,,11.69,6.62,7.62,,
23/12/2015,8.49,8.45,7.73,,10.7,6.88,7.97,,
24/12/2015,8.45,8.45,7.97,,10.66,6.95,8.2,,
25/12/2015,8.14,8.32,7.85,,10.14,6.9,8.33,,
26/12/2015,7.88,8.25,7.63,,9.85,6.81,8.3,,
27/12/2015,7.7,8.29,7.53,,11.56,6.72,8.3,,
28/12/2015,8.17,8.65,7.67,,11.57,6.99,8.1,,
29/12/2015,8.6,8.68,7.93,,11.12,6.86,8.07,,
30/12/2015,8.32,8.55,7.81,,10.36,6.44,8.03,,
31/12/2015,8.04,8.46,7.43,,10.6,6.54,8.18,,
1/01/2016,7.73,8.47,7.26,,10.15,6.73,8.14,,
2/01/2016,7.54,8.45,7.26,,10.56,6.77,8.03,,
3/01/2016,7.58,8.51,7.2,,10.35,6.85,8.09,,
4/01/2016,7.88,8.62,7.71,,9.91,6.97,8.13,,
5/01/2016,7.65,8.45,7.86,,10.37,6.89,8,,
6/01/2016,7.55,8.5,7.76,,10.22,6.9,7.93,,
7/01/2016,7.37,8.47,7.71,,10.54,6.9,7.91,,
8/01/2016,7.6,8.56,8,,10.45,6.95,8,,
9/01/2016,7.64,8.61,8,,10.74,7.06,7.92,,
10/01/2016,7.6,8.6,8,,10.21,7,7.63,,
11/01/2016,7.02,8.49,7.86,,10.01,6.94,7.76,,
12/01/2016,6.5,8.38,7.76,,9.82,6.81,7.78,,
13/01/2016,6.85,8.32,7.65,,9.41,6.87,8,,
14/01/2016,7.3,8.4,7.75,,9.42,6.86,8.1,,
15/01/2016,7.07,8.22,7.67,,12.07,6.77,8.02,,
16/01/2016,8.14,8.75,7.91,,11.49,7.21,8.02,,
17/01/2016,8.83,8.9,8.42,,10.77,7.19,8.29,,
18/01/2016,8.51,8.7,8.18,,10.41,7.1,8.73,,
19/01/2016,8.11,8.52,8.03,,9.91,7.1,8.82,,
20/01/2016,7.83,8.4,7.94,,9.97,7.01,8.48,,
21/01/2016,7.59,8.22,7.21,,9.4,6.76,8.17,,
22/01/2016,7.39,8.19,7.82,,9.57,6.59,7.88,,
23/01/2016,7.51,8.14,7.79,,9.35,6.46,7.57,,
24/01/2016,7.36,8.03,7.73,,10.41,6.37,7.51,,
25/01/2016,7.58,8.34,7.93,,10.48,6.59,7.79,,
26/01/2016,7.6,8.4,8.12,,10.28,6.7,7.96,,
27/01/2016,7.23,8.41,8.1,,10.19,6.7,8.03,,
28/01/2016,6.89,8.29,7.97,,9.76,6.7,8.22,,
29/01/2016,7.81,8.27,7.85,,10.67,6.83,8.28,,
30/01/2016,8.06,8.41,7.97,,11.25,6.88,8.37,,
31/01/2016,8.18,8.44,7.99,,11.03,6.88,8.18,,
1/02/2016,8.27,8.48,8.03,,10.56,6.9,8.3,,
2/02/2016,8.27,8.66,8.16,,9.91,7.01,8.6,,
3/02/2016,8.03,8.62,8.02,,9.75,6.99,8.79,,
4/02/2016,7.87,8.61,7.99,,11.05,7.07,8.69,,
5/02/2016,8.31,8.94,8.28,,10.91,7.27,8.53,,
6/02/2016,8.34,8.97,8.37,,10.25,7.22,8.51,,
7/02/2016,8.1,8.81,8.22,,10.21,7.08,8.63,,
8/02/2016,7.72,8.72,8.1,,10.1,6.98,8.8,,
9/02/2016,7.49,8.64,8.06,,10.07,6.97,8.71,,
10/02/2016,7.52,8.63,7.99,,9.97,6.91,8.57,,
11/02/2016,7.5,8.57,7.99,,10.1,6.8,8.4,,
12/02/2016,7.33,8.45,7.88,,10.29,6.79,8.39,,
13/02/2016,7.29,8.45,7.86,,10.14,6.83,8.36,,
14/02/2016,6.98,8.44,7.87,,10.22,6.64,8.32,,
15/02/2016,6.64,8.36,7.79,,11.1,6.64,8.45,,
16/02/2016,6.7,8.59,7.89,,11.23,6.81,8.39,,
17/02/2016,8.18,8.67,7.96,,11.6,6.89,8.44,,
18/02/2016,8.42,8.8,8.06,,11.06,7.18,8.83,,
19/02/2016,8.45,8.92,8.1,,10.31,7.18,8.98,,
20/02/2016,8.2,8.91,8.18,,11,7.2,9.13,,
21/02/2016,8.14,8.99,8.21,,11.25,7.23,8.99,,
22/02/2016,8.27,9.01,8.36,,10.2,7.21,8.87,,
23/02/2016,8.04,8.85,8.32,,9.65,7.13,8.94,,
24/02/2016,7.5,8.64,8.01,,9.44,6.99,8.96,,
25/02/2016,7.38,8.35,7.79,,9.98,6.87,8.82,,
26/02/2016,7.34,8.32,7.83,,10.26,6.79,8.67,,
27/02/2016,7.62,8.4,8,,11.22,6.9,8.4,,
28/02/2016,7.95,8.59,8.13,,10.89,6.97,8.52,,
29/02/2016,8.05,8.62,7.97,,11.05,7.03,8.73,,
1/03/2016,7.79,8.69,7.91,,10.79,7.11,9,,
2/03/2016,7.64,8.73,8.1,,10.57,7.14,9.08,,
3/03/2016,7.87,8.68,8.17,,,7.08,9.08,,
4/03/2016,7.47,8.61,8.18,,,7.02,9.02,,
5/03/2016,7.53,8.51,8.11,,,6.93,8.68,,
6/03/2016,7.2,8.31,8.16,,,6.76,8.5,,
7/03/2016,7.08,8.03,8.03,,,6.55,8.45,,
8/03/2016,6.32,7.8,7.83,,,6.45,8.48,,
9/03/2016,6.39,7.79,7.81,,,6.43,8.32,,
10/03/2016,6.76,7.79,7.83,,,6.31,8,,
11/03/2016,6.84,7.92,7.76,,,6.41,7.81,,
12/03/2016,7.09,7.9,7.84,,,6.4,7.79,,
13/03/2016,6.21,7.73,8,,,6.43,7.82,,
14/03/2016,6.88,7.75,7.88,,,6.44,8.18,,
15/03/2016,6.4,7.84,7.89,,,6.52,8.15,,
16/03/2016,7.03,7.88,7.97,,,6.65,8.03,,
17/03/2016,6.2,8.08,8.14,,,6.62,8.08,,
18/03/2016,6.04,7.8,8.05,,,6.49,8.11,,
19/03/2016,5.46,8.05,7.67,,,6.44,8.17,,
20/03/2016,6.76,8.27,7.83,,,6.91,8.24,,
21/03/2016,8.02,8.25,8.18,,,7.01,8.29,,
22/03/2016,8.08,8.17,8.3,,,7,8.43,,
23/03/2016,7.99,7.9,8.11,,,6.99,8.63,,
24/03/2016,7.94,7.61,8.14,,,7,8.95,,
25/03/2016,8.09,7.9,7.84,,,7.08,8.83,,
26/03/2016,7.94,7.86,7.96,,,7,8.6,,
27/03/2016,8.09,8.26,8.11,,,7.13,8.51,,
28/03/2016,8.07,8.32,8.1,,,7.2,8.56,,
29/03/2016,8.11,8.4,8.36,,,7.13,8.7,,
30/03/2016,8.16,8.5,8.22,,,7.31,8.6,,
31/03/2016,8.6,8.68,8.24,,,7.54,8.76,,
1/04/2016,9.14,9.02,8.23,,,7.72,9.1,,
2/04/2016,9.02,9.62,8.42,,,7.96,9.31,,
3/04/2016,8.99,9.69,9.18,,,7.97,9.95,,
4/04/2016,8.96,9.68,9.28,,,8.06,10.03,,
5/04/2016,9.2,9.73,9.5,,,8.1,10.1,,
6/04/2016,9.17,9.64,9.51,,,8.1,10.39,,
7/04/2016,9.04,9.44,9.29,,,8.08,10.67,,
8/04/2016,9.03,9.51,9.21,,,8.29,10.62,,
9/04/2016,9.66,10.09,9.84,,,8.51,10.45,,
10/04/2016,9.71,10.13,9.92,,,8.52,10.88,,
11/04/2016,9.61,10.33,10.01,,,8.71,10.99,,
12/04/2016,9.49,10.4,10.18,,,8.75,11.28,,
13/04/2016,9.51,10.67,10.35,,,8.92,11.88,,
14/04/2016,9.75,11.12,10.72,,,9.18,12.11,,
15/04/2016,9.99,11.34,10.95,,,9.28,12.03,,
16/04/2016,10.29,11.45,10.96,,,9.25,11.59,,
17/04/2016,10.39,11.33,10.83,,,9.1,11.85,,
18/04/2016,9.79,10.92,10.38,,,8.89,11.35,,
19/04/2016,9.93,10.87,10.22,,,8.79,10.75,,
20/04/2016,9.82,10.7,10.02,,,8.58,10.6,,
21/04/2016,9.86,10.39,9.55,,,8.42,10.2,,
22/04/2016,9.33,9.97,9.07,,,8.11,9.87,,
23/04/2016,9.01,9.83,8.6,,,7.98,9.33,,
24/04/2016,9.42,10.07,8.69,,,7.97,8.58,,
25/04/2016,9.54,10.02,8.84,,,7.89,8.27,,
26/04/2016,9.38,9.71,8.89,,,7.6,8.27,,
27/04/2016,9.33,9.57,8.73,,,7.59,8.25,,
28/04/2016,9.17,9.73,8.72,,,7.59,7.94,,
29/04/2016,8.92,9.33,8.93,,,7.31,7.77,,
30/04/2016,8.8,8.95,8.72,,,7.14,7.61,,
1/05/2016,8.64,8.82,8.19,,,7.22,7.53,,
2/05/2016,8.75,9.07,8.46,,,7.37,7.55,,
3/05/2016,9.09,9.46,8.7,,,7.7,7.28,,
4/05/2016,9.32,9.59,9.09,,,7.75,7.36,,
5/05/2016,9.29,9.59,9.04,,,7.85,7.16,,
6/05/2016,9.36,9.85,9.19,,,8.05,6.75,,
7/05/2016,9.4,9.89,9.37,,,8.03,7.07,,
8/05/2016,9.31,9.67,9.24,,,8.06,9.04,,
9/05/2016,9.13,9.13,8.75,,,7.96,8.65,,
10/05/2016,8.81,8.94,8.58,,,7.73,8.03,,
11/05/2016,9.07,9.33,8.97,,,7.89,8.33,,
12/05/2016,9.44,9.44,9.36,,,8.02,8.05,,
13/05/2016,9.67,9.41,9.5,,,8.12,8.4,,
14/05/2016,9.74,9.29,9.46,,,8.11,8.44,,
15/05/2016,9.69,8.94,9.52,,,8.1,9.05,,
16/05/2016,9.53,8.87,9.33,,,8.12,9.28,,
17/05/2016,9.44,9.55,9.13,,,8.17,9.52,,
18/05/2016,9.44,9.4,9.03,,,8.22,9.16,,
19/05/2016,9.7,9.73,9.18,,,8.34,9.45,,
20/05/2016,9.93,9.73,9.22,,,8.41,9.68,,
21/05/2016,9.88,9.82,9.23,,,8.47,9.34,,
22/05/2016,9.74,9.7,9.03,,,8.36,9.16,,
23/05/2016,9.64,9.48,8.51,,,8.34,9.34,,
24/05/2016,9.4,9.48,8.3,,,8.24,9.09,,
25/05/2016,9.59,9.81,8.14,,,8.4,9.13,,
26/05/2016,9.87,9.67,8.08,,,8.46,8.98,,
27/05/2016,9.67,9.51,8.24,,,8.38,8.85,,
28/05/2016,9.7,9.68,8.56,,,8.48,9.1,,
29/05/2016,9.76,9.8,8.81,,,8.59,9.5,,
30/05/2016,10.05,10.12,8.85,,,8.82,9.17,,
31/05/2016,10.21,10.42,9.23,,,8.92,9.29,,
1/06/2016,10.17,10.49,9.89,,,8.85,9.11,,
2/06/2016,10.01,10.39,9.81,,,8.8,9.02,,
3/06/2016,9.93,10.38,9.75,,,8.89,9.78,,
4/06/2016,10,10.56,9.88,,,8.97,10.35,,
5/06/2016,9.99,10.47,9.97,,,8.96,10.27,,
6/06/2016,9.9,10.42,10.31,,,8.97,10.3,,
7/06/2016,10.03,10.38,10.26,,,9.04,10.3,,
8/06/2016,10.06,10.33,10.24,,,9.05,10.33,,
9/06/2016,9.94,10.21,10.25,,,9.04,10.27,,
10/06/2016,9.81,9.96,10.11,,,8.89,10.31,,
11/06/2016,9.95,9.78,10,,,8.97,10.57,,
12/06/2016,10,9.95,10.04,,,8.99,10.83,,
13/06/2016,10.19,10.06,10.09,,,9.11,10.7,,
14/06/2016,10.54,10.24,10.27,,,9.28,10.71,,
15/06/2016,10.75,10.49,10.4,,,9.35,10.69,,
16/06/2016,10.74,10.43,10.42,,,9.32,10.75,,
17/06/2016,10.49,10.34,10.22,,,9.22,10.92,,
18/06/2016,10.17,10.12,9.99,,,9.1,10.8,,
19/06/2016,10.15,10.19,9.94,,,9.08,10.71,,
20/06/2016,10.05,10.02,9.66,,,9,10.73,,
21/06/2016,10.08,10.25,9.66,,,9.09,10.51,,
22/06/2016,10.24,10.23,9.54,,,9.01,10.4,,
23/06/2016,10.2,9.86,9.4,,,8.95,10.02,,
24/06/2016,10.4,10.21,9.88,,,9.37,9.88,,
25/06/2016,10.29,10.1,9.76,,,9.23,10.79,,
26/06/2016,10.43,10.09,9.92,,,9.4,10.76,,
27/06/2016,10.62,10.02,9.97,,,9.35,10.88,,
28/06/2016,10.67,11.07,10.83,,,9.35,10.93,,
29/06/2016,10.78,11.21,10.84,,,9.47,10.91,,
30/06/2016,10.77,11.25,10.85,,,9.54,11.14,,
1/07/2016,10.75,11.28,10.77,,,9.53,11.26,,
2/07/2016,10.65,11.44,10.78,,,9.59,11.47,,
3/07/2016,10.67,11.49,10.88,,,9.61,11.57,,
4/07/2016,10.6,11.28,10.87,,,9.65,11.57,,
5/07/2016,10.45,11.46,10.83,,,9.5,11.34,,
6/07/2016,10.23,11.4,10.7,,,9.39,10.99,,
7/07/2016,10.41,11.35,10.77,,,9.47,10.78,,
8/07/2016,10.53,11.42,11.19,,,9.4,10.97,,
9/07/2016,10.46,11.4,11.31,,,9.37,10.95,,
10/07/2016,10.42,11.26,11.17,,,9.44,11.07,,
11/07/2016,10.41,11.08,11.02,,,9.49,11.57,,
12/07/2016,10.16,11.01,10.87,,,9.44,11.94,,
13/07/2016,10.3,11.16,10.92,,,9.53,12.13,,
14/07/2016,10.53,11.44,11.21,,,9.77,12.13,,
15/07/2016,10.98,11.89,11.46,,,10.01,12.19,,
16/07/2016,11,11.97,11.55,,,10.11,12.53,,
17/07/2016,11,12.1,11.64,,,10.22,12.76,,
18/07/2016,11.05,12.18,11.74,,,10.27,12.75,,
19/07/2016,10.81,12.08,11.73,,,10.14,12.69,,
20/07/2016,10.6,11.87,11.59,,,9.94,12.65,,
21/07/2016,10.33,11.7,11.45,,,9.73,12.59,,
22/07/2016,10.11,12.15,11.3,,,9.83,12.78,,
23/07/2016,9.81,11.78,11.16,,,9.64,12.78,,
24/07/2016,9.8,11.66,11.11,,,9.61,12.48,,
25/07/2016,10.38,11.99,11.27,,,9.82,12.59,,
26/07/2016,10.61,12.2,11.27,,,9.99,12.61,,
27/07/2016,10.62,12.36,11.42,,,9.98,12.71,,
28/07/2016,10.66,12.44,11.5,,,10.09,12.7,,
29/07/2016,10.9,12.64,11.67,,,10.29,12.61,,
30/07/2016,11.25,12.82,11.71,,,10.38,12.57,,
31/07/2016,11.37,12.97,11.74,,,10.45,12.33,,
1/08/2016,11.14,12.68,11.48,,,10.25,12.18,,
2/08/2016,10.61,12.16,11.18,,,10,11.92,,
3/08/2016,10.42,12.05,11.1,,,9.87,11.85,,
4/08/2016,10.73,12.3,11.21,,,10.07,11.89,,
5/08/2016,10.82,12.34,11.22,,,10.09,11.82,,
6/08/2016,10.83,12.35,11.21,,,10.1,11.75,,
7/08/2016,10.82,12.35,11.19,,,10.1,11.74,,
8/08/2016,10.78,12.31,11.17,,,10.06,11.64,,
9/08/2016,10.75,12.29,11.14,,,10.03,11.56,,
10/08/2016,10.54,12.09,11.03,,,9.92,11.33,,
11/08/2016,10.36,11.91,10.92,,,9.8,11.2,,
12/08/2016,10.42,11.91,10.83,9.18,,9.79,11.08,,
13/08/2016,10.44,11.87,10.79,8.64,,9.78,10.97,,9.13
14/08/2016,10.39,11.85,10.73,8.76,,9.74,10.88,,9.14
15/08/2016,10.3,11.75,10.72,8.63,,9.67,10.8,,9.12
16/08/2016,10.26,11.69,10.67,8.49,,9.64,10.79,,9.15
17/08/2016,10.3,11.68,10.69,8.56,,9.66,10.72,,9.23
18/08/2016,10.3,11.65,10.63,8.24,,9.59,10.63,,9.31
19/08/2016,10.21,11.57,10.55,8.51,,9.51,10.47,,9.34
20/08/2016,9.93,11.33,10.41,8.81,,9.32,10.27,,9.27
21/08/2016,9.84,11.26,10.36,9.02,,9.26,10.08,,9.21
22/08/2016,10.01,11.21,10.31,9.11,,9.25,9.97,,9.24
23/08/2016,9.97,11.19,10.28,8.91,,9.24,9.82,,9.22
24/08/2016,9.92,11.13,10.25,8.74,,9.19,9.86,,9.23
25/08/2016,9.86,11.06,10.24,8.81,,9.16,9.85,,9.23
26/08/2016,9.83,11.02,10.29,9.38,,9.12,9.81,,9.24
27/08/2016,9.84,10.96,10.34,9.61,,9.1,9.82,,9.31
28/08/2016,9.82,10.89,10.36,8.95,,9.05,9.83,,9.33
29/08/2016,9.79,10.83,10.35,8.92,,9.01,9.79,,9.4
30/08/2016,9.67,10.66,10.29,9.1,,8.94,9.78,,9.36
31/08/2016,9.5,10.5,10.24,8.52,,8.84,9.7,,9.28
1/09/2016,9.33,9.28,10.16,7.07,,8.74,9.65,,9.23
2/09/2016,9.26,9.16,10.16,6.11,,9.29,9.59,,9.2
3/09/2016,9.13,9.04,10.1,6.62,,9.24,9.51,,9.19
4/09/2016,9.08,8.98,10.03,7.41,,9.18,9.43,,9.16
5/09/2016,9.15,8.93,9.99,7.37,,9.12,9.36,,9.13
6/09/2016,9.11,8.85,9.91,6.56,,9.01,9.32,,9.11
7/09/2016,8.99,8.73,9.87,6,,8.98,9.32,,9.03
8/09/2016,8.84,8.67,9.79,4.69,,8.95,9.31,,8.96
9/09/2016,8.79,8.58,9.68,5.22,,8.86,9.24,,8.9
10/09/2016,8.75,8.37,9.5,5.24,,8.7,9.01,,8.79
11/09/2016,8.64,8.16,9.37,5.42,,8.51,8.95,,8.62
12/09/2016,8.6,8.05,9.31,5.16,,8.45,8.94,,8.53
13/09/2016,8.6,8.03,9.26,5.41,,8.45,8.95,,8.48
14/09/2016,8.59,7.89,9.11,5.32,,8.35,8.95,,8.38
15/09/2016,8.53,7.76,9.07,5.15,,8.24,8.88,,8.3
16/09/2016,8.91,8.24,9.29,7.13,,8.61,8.94,,8.45
17/09/2016,8.91,8.21,9.39,6.4,,8.6,9.08,,8.51
18/09/2016,8.86,8.18,9.52,4.84,,8.58,9.24,,8.67
19/09/2016,8.92,8.22,9.55,6.8,,8.64,9.34,,8.77
20/09/2016,9.12,8.21,9.61,5.25,,8.67,9.48,,8.87
21/09/2016,9.25,8.28,9.66,5.52,,8.72,9.67,,8.95
22/09/2016,9.24,8.2,9.66,6.62,,8.76,9.71,,8.89
23/09/2016,9.24,8.22,9.77,5.78,,8.71,9.73,,8.96
24/09/2016,9.54,8.45,9.86,5.88,6.38,8.91,10,,9.17
25/09/2016,9.78,8.61,9.96,6.42,5.87,9.16,10.26,,9.33
26/09/2016,9.67,8.45,9.94,6.22,6.34,9.09,10.17,,9.25
27/09/2016,10.05,8.95,10.11,5.78,6.69,9.16,10.36,,9.46
28/09/2016,10.06,,10.15,5.51,6.55,9.28,10.41,,9.6
29/09/2016,9.87,,10.22,6.25,6.98,9.44,10.36,,9.72
30/09/2016,9.47,,10.04,6.6,7.19,9.18,10.09,,9.55
1/10/2016,9.26,,9.98,7.78,8.49,9.28,9.96,,9.32
2/10/2016,9.43,,10.01,8.35,7.62,9.28,9.97,,9.02
3/10/2016,9.81,,9.94,7.57,6.89,9.39,9.92,,9.34
4/10/2016,9.52,,9.79,7.2,7.46,9.03,9.74,,8.94
5/10/2016,9.51,,9.86,7.8,8.19,9.17,9.71,,9.32
6/10/2016,9.56,,9.84,7.56,7.64,9.2,9.66,,9.31
7/10/2016,9.63,,9.73,6.99,6.68,9.23,9.47,,9.44
8/10/2016,9.5,,9.34,6.21,5.73,8.89,9.11,,9.06
9/10/2016,9.15,,9.16,5.3,6.42,8.55,8.89,,8.83
10/10/2016,8.78,,8.91,6.69,5.92,8.36,8.67,,8.61
11/10/2016,8.4,,8.73,5.67,6.86,8.01,8.41,,8.39
12/10/2016,8.35,,8.56,6.68,7.55,7.94,8.27,,8.21
13/10/2016,8.5,,8.44,7.86,7.15,7.94,8.2,,8.08
14/10/2016,8.47,7.48,8.34,7.87,6.58,8,8.1,,7.98
15/10/2016,8.38,7.47,8.18,7.6,5.92,8.05,7.93,,7.85
16/10/2016,8.11,7.38,8.02,7.4,6.23,7.86,7.68,,7.67
17/10/2016,7.89,7.09,7.71,6.6,7,7.51,7.33,,7.41
18/10/2016,7.77,6.76,7.56,6.86,7.64,7.33,7.16,,7.26
19/10/2016,7.72,6.82,7.48,7.66,7.58,7.39,7.03,,7.13
20/10/2016,7.54,6.87,7.41,7.19,7.32,7.38,6.99,,7.07
21/10/2016,7.38,6.7,7.3,7.2,6.82,7.3,6.9,,6.99
22/10/2016,7.4,6.47,7.18,6.5,7.05,7.15,6.66,,6.83
23/10/2016,7.48,6.42,7.1,7.08,7.42,7.07,6.51,,6.8
24/10/2016,7.64,6.64,7.07,7.14,8.14,7.2,6.3,,6.84
25/10/2016,7.17,6.48,6.85,6.76,6.67,6.92,6.14,,6.7
26/10/2016,6.94,6.15,6.6,6.6,6.2,6.69,5.86,,6.47
27/10/2016,6.96,5.82,6.39,5.78,5.77,6.49,5.57,,6.31
28/10/2016,6.98,5.64,6.14,4.62,5.98,6.32,5.23,,6.06
29/10/2016,6.62,5.42,5.82,4.82,5.96,6.02,4.9,,5.77
30/10/2016,6.38,5.07,5.56,4.88,5.32,5.8,4.68,,5.47
31/10/2016,6.33,4.89,5.45,4.96,5.69,5.68,4.58,,5.35
1/11/2016,6.8,5.12,5.42,6.16,6.59,5.8,4.48,,5.41
2/11/2016,6.41,5,5.22,6.2,6.48,5.65,4.33,,5.22
3/11/2016,6.22,4.81,5.05,5.89,6.04,5.34,4.41,,4.98
4/11/2016,6.04,5.89,4.79,5,5.51,5.12,4.17,,4.8
5/11/2016,5.8,5.63,4.64,4.31,4.39,4.91,4.03,,4.64
6/11/2016,6.15,5.71,4.54,5.89,5.38,4.97,3.89,,4.62
7/11/2016,5.98,5.62,4.37,5.4,4.74,4.82,3.7,,4.33
8/11/2016,5.69,5.31,4.18,4.38,4.32,4.65,3.58,,4.2
9/11/2016,5.79,5.32,4.16,5.59,6.53,4.67,3.41,,4.19
10/11/2016,5.78,5.3,3.94,5.83,6.26,4.58,3.16,,4.01
11/11/2016,5.24,4.79,3.66,5.15,5.38,4.19,2.88,,3.7
12/11/2016,4.9,4.54,3.5,4.57,3.91,3.88,2.69,,3.49
13/11/2016,4.88,4.42,3.36,3.99,4.97,3.78,2.6,,3.33
14/11/2016,5.57,4.84,3.58,6.08,8.44,4.22,2.65,,3.65
15/11/2016,6.1,5.25,3.75,7.5,7.93,4.54,2.91,,3.78
16/11/2016,5.51,5.24,3.76,7.18,7.09,4.43,2.84,,3.75
17/11/2016,5.03,4.81,3.49,6.19,5.53,4.08,2.46,,3.53
18/11/2016,4.68,4.46,3.1,5.61,4.87,3.8,1.82,,3.24
19/11/2016,4.22,3.96,2.49,5.14,5.29,3.35,1.12,,2.75
20/11/2016,3.74,3.47,2.12,4.67,5.62,2.93,0.86,,2.28
21/11/2016,3.28,3.04,1.77,3.48,4.4,2.54,0.45,,1.89
22/11/2016,2.91,2.61,1.41,2.62,4.79,2.22,-0.03,,1.62
23/11/2016,3,2.58,1.18,3.82,5.56,2.22,-0.16,,1.42
24/11/2016,2.72,2.65,1.22,3.89,6.47,2.26,-0.09,,1.31
25/11/2016,3.03,3.06,1.58,4.54,7.89,2.63,0.21,,1.57
26/11/2016,3.65,3.17,1.8,3.98,7.63,2.73,,,1.76
27/11/2016,4.01,3.28,1.97,4.36,7.4,2.86,,,1.99
28/11/2016,3.94,3.12,1.92,4.19,6.72,2.82,,,1.96
29/11/2016,3.27,2.66,1.6,3.95,5.46,2.53,,,1.66
30/11/2016,,2.15,,2.8,4.9,2.03,,,1.38
1/12/2016,,1.99,,2.86,4.6,1.98,,,1.14
2/12/2016,,1.82,,,3.85,1.79,,,0.96
3/12/2016,,2.07,,,4.14,2.08,,,1.03
4/12/2016,,2.21,,,4.37,2.27,,,1.17
5/12/2016,,1.94,,,3.15,2.01,,,0.78
6/12/2016,,1.6,,,3.78,1.68,,,0.72
7/12/2016,,1.73,,,2.71,1.86,,,0.8
8/12/2016,,1.87,,,3.26,2.05,1.09,,0.93
9/12/2016,,2.74,,,5.51,2.71,1.46,,1.28
10/12/2016,,3.73,,,5.99,3.84,1.96,,
11/12/2016,,4.01,,,6.23,4.05,2.8,,
12/12/2016,,3.91,,,5.91,3.97,2.94,,
13/12/2016,,3.67,,,5.04,3.73,2.9,,
14/12/2016,,3.36,,,4.55,3.43,2.38,,
15/12/2016,,2.99,,,4.87,2.96,1.91,,
16/12/2016,,2.79,,,4.86,2.7,1.9,,
17/12/2016,,3.3,,,4.9,2.96,2.39,,
18/12/2016,,4.05,,,7,3.61,3.02,,
19/12/2016,,5.14,,,7.49,4.55,3.43,,
20/12/2016,,5.56,,,7.47,4.98,3.64,,
21/12/2016,,5.34,,,7.05,4.71,3.67,,
22/12/2016,,5.36,,,6.59,4.69,4.18,,
23/12/2016,5.31,5.46,4.4,,5.67,4.82,5.26,,
24/12/2016,5.14,5.2,4.88,,3.84,4.68,6.3,,
25/12/2016,4.79,4.81,5.34,,4.06,4.23,6.86,,
26/12/2016,5.31,5.02,6,,3.95,4.8,7.35,,
27/12/2016,4.68,4.95,6.08,,3.57,4.9,6.61,,
28/12/2016,4.11,4.82,5.71,,,4.19,6.29,,
29/12/2016,4.76,5.29,5.86,,,4.98,6.34,,
30/12/2016,2.78,5.84,6.33,,,5.18,7.04,,
31/12/2016,3.59,6.46,6.89,,,6.21,7.51,,
1/01/2017,6.35,7.21,7.55,,,6.51,8,,
2/01/2017,6.06,7.3,7.71,,,6.58,8.03,,
3/01/2017,6.39,7.48,7.76,,,6.66,7.68,,
4/01/2017,6.55,7.73,7.88,,,6.81,7.74,,
5/01/2017,6.61,7.67,7.78,,,6.56,7.88,,
6/01/2017,6.12,7.65,7.7,,,6.71,7.9,,
7/01/2017,5.65,7.45,7.62,,,6.12,7.71,,
8/01/2017,5.17,7.32,7.55,,,6.38,8,,
9/01/2017,4.54,6.66,7.17,,,6.22,7.51,,
10/01/2017,5.36,6.27,6.99,,,5.53,7.09,,
11/01/2017,5.3,6.69,7.03,,,5.18,6.97,,
12/01/2017,5.22,6.92,7.22,,,6.69,7.59,,
13/01/2017,6.04,7.42,7.66,,,7.03,7.67,,
14/01/2017,4.88,7.05,7.71,,,6.88,7.34,,
15/01/2017,3.96,6.65,7.52,,,6.54,7.14,,
16/01/2017,5.59,7.08,7.76,,,7.2,7.55,,
17/01/2017,4.58,7.45,7.96,,,7.41,8.14,,
18/01/2017,6.41,7.78,7.96,,,7.39,8.52,,
19/01/2017,7.6,7.38,8.07,,,7.29,8.18,,
20/01/2017,7.52,8.48,7.95,,,7.09,7.79,,
21/01/2017,7.11,7.75,7.49,,,6.64,7.71,,
22/01/2017,7.29,8.06,7.39,,,6.95,7.49,,
23/01/2017,7.88,8.27,7.73,,,7.07,7.51,,
24/01/2017,7.68,8.27,7.84,,,7.1,7.79,,
25/01/2017,7.26,8.04,7.72,,,6.95,7.52,,
26/01/2017,7.63,8.13,7.79,,,6.98,7.32,,
27/01/2017,7.75,7.97,7.74,,,6.94,7.7,,
28/01/2017,7.65,8.21,7.64,,,7,7.93,,
29/01/2017,7.06,8.14,7.6,,,6.98,8.14,,
30/01/2017,6.97,8.07,7.58,,,6.94,8.22,,
31/01/2017,7.17,7.97,7.59,,,6.81,7.81,,
1/02/2017,6.9,7.72,7.44,,,6.71,7.38,,
2/02/2017,7.16,7.95,7.28,,,6.8,7.49,,
3/02/2017,7.21,8.2,7.45,,,6.98,7.36,,
4/02/2017,6.81,8.21,7.72,,,7.08,8.11,,
5/02/2017,6.08,8.27,7.79,,,7.05,8.19,,
6/02/2017,5.69,8.07,7.67,,,6.8,7.79,,
7/02/2017,5.15,7.54,7.5,,,6.52,6.88,,
8/02/2017,4.43,7.39,7.3,,,6.39,6.84,,
9/02/2017,3.31,7.63,7.33,,,6.5,7.09,,
10/02/2017,6.98,7.53,7.33,,,6.74,7.81,,
11/02/2017,5.76,7.44,7.5,,,6.71,7.53,,
12/02/2017,5.39,7.23,7.39,,,6.53,7.57,,
13/02/2017,6,7.26,7.25,,,6.64,7.31,,
14/02/2017,6.69,7.83,7.53,,,6.98,7.19,,
15/02/2017,7.57,8.1,7.8,,,7.11,7.43,,
16/02/2017,7.23,8.04,7.68,,,7.17,7.92,,
17/02/2017,7.45,8.09,7.73,,,7.2,7.97,,
18/02/2017,7.48,7.97,7.71,,,7,8.01,,
19/02/2017,7.36,7.93,7.82,,,7.15,7.65,,
20/02/2017,7.38,8.06,7.91,,,7.26,7.3,,
21/02/2017,8.27,8.09,8,,,7.3,7.19,,
22/02/2017,8.16,8.02,8.06,,,7.32,7.4,,
23/02/2017,7.83,8.08,8,,,7.26,7.38,,
24/02/2017,7.39,8.15,7.97,,,7.23,7.27,,
25/02/2017,7.39,8.12,7.94,,,7.23,7.17,,
26/02/2017,7.83,8.25,8.04,,,7.25,7.13,,
27/02/2017,7.76,8.26,8.02,,,7.27,6.99,,
28/02/2017,7.39,8.14,8.01,,,7.13,6.81,,
1/03/2017,6.99,7.83,7.86,,,6.88,6.87,,
2/03/2017,7.01,7.8,7.76,,,6.76,6.72,,7.24
3/03/2017,7.21,7.61,7.67,,,6.57,6.55,,7.37
4/03/2017,7.21,7.55,7.57,,,6.48,6.34,,7.22
5/03/2017,7.37,7.47,7.59,,,6.57,6.43,,7.24
6/03/2017,7.49,7.55,7.49,,,6.58,6.17,,7.28
7/03/2017,7.76,7.59,7.62,,,6.69,6.03,,7.32
8/03/2017,7.67,7.73,7.5,,,6.56,5.93,,7.39
9/03/2017,7.62,7.49,7.77,,,6.84,6.05,,7.22
10/03/2017,7.7,7.47,7.67,,,6.83,6.16,,7.03
11/03/2017,7.77,,7.67,,,6.87,6.01,,6.75
12/03/2017,7.77,,7.59,,,6.78,5.63,,6.64
13/03/2017,7.54,,7.46,,,6.6,5.63,,6.65
14/03/2017,7.87,,7.52,,,6.83,5.8,,6.92
15/03/2017,7.94,,7.63,,,6.93,5.97,,6.94
16/03/2017,7.83,,7.71,,,6.92,6.34,,7.01
17/03/2017,7.71,,7.69,,,6.92,6.55,,7.43
18/03/2017,8.1,,7.89,,,7.19,6.52,,7.6
19/03/2017,8.21,,8.09,,,7.1,6.32,,7.57
20/03/2017,8.06,,8.03,,,6.87,6.39,,7.58
21/03/2017,7.71,,7.8,,,6.76,6.5,,7.79
22/03/2017,7.49,,7.7,,,6.65,6.3,,7.76
23/03/2017,7.54,,7.68,,,6.63,6.05,,7.61
24/03/2017,7.82,,7.73,,,6.81,5.98,,7.51
25/03/2017,7.95,,7.81,,,6.82,6.07,,7.7
26/03/2017,7.83,,7.68,,,6.75,6.62,,7.86
27/03/2017,7.64,,7.6,,,6.75,6.72,,7.87
28/03/2017,7.65,,7.65,,,6.75,6.73,,7.76
29/03/2017,7.77,,7.8,,,6.87,6.69,,7.76
30/03/2017,7.86,,7.83,,,6.83,6.71,,7.8
31/03/2017,7.95,,7.82,,,6.98,6.66,,7.83
1/04/2017,8.45,,8.15,,,7.29,7.09,,7.96
2/04/2017,8.61,,8.29,,,7.5,7.17,,8.02
3/04/2017,8.46,,8.44,,,7.61,7.28,,8.02
4/04/2017,8.57,,8.62,,,7.79,7.59,,8.31
5/04/2017,8.82,,8.7,,,7.85,7.81,,8.47
6/04/2017,8.73,,8.79,,,7.82,7.93,,8.51
7/04/2017,8.61,,8.77,,,7.86,7.94,,8.55
8/04/2017,8.65,,8.85,,,7.86,7.99,,8.59
9/04/2017,8.58,,8.83,,,7.79,7.93,,8.6
10/04/2017,8.4,,8.77,,,7.66,7.84,,8.53
11/04/2017,8.85,,8.82,,,8,7.93,,8.49
12/04/2017,9.2,,9.14,,,8.15,7.96,,8.6
13/04/2017,9,,9.17,,,8.03,8.02,,8.59
14/04/2017,8.85,,9.09,,,7.93,8.07,,8.44
15/04/2017,8.73,,9.01,,,7.88,8.27,,8.44
16/04/2017,8.6,,8.94,,,7.88,8.33,,8.56
17/04/2017,8.47,,8.88,,,7.97,8.21,,8.62
18/04/2017,8.59,,8.83,,,7.95,8.2,,8.54
19/04/2017,8.54,,8.9,,,7.91,8.67,,8.27
20/04/2017,8.48,,8.8,,,7.68,8.91,,8.08
21/04/2017,8.08,,8.61,,,7.22,8.86,,8.11
22/04/2017,7.93,,8.53,,,6.79,8.61,,8.06
23/04/2017,7.89,,8.52,,,6.26,8.63,,8.66
24/04/2017,7.91,,8.48,,,7.19,8.62,,8.68
25/04/2017,8.55,,8.55,,,7.55,8.64,,8.72
26/04/2017,8.31,,8.37,,,7.52,8.62,,8.68
27/04/2017,8.61,,8.43,,,7.6,8.79,,8.69
28/04/2017,9.2,,8.59,,,8.03,8.82,,8.72
29/04/2017,9.22,,8.89,,,8.18,8.68,,8.66
30/04/2017,9.09,,8.91,,,8,8.73,,8.48
1/05/2017,9.02,,8.77,,,7.97,8.63,,8.47
2/05/2017,8.99,,8.79,,,8.02,8.6,,8.53
3/05/2017,8.96,,8.8,,,8.08,8.88,,8.53
4/05/2017,9.14,,8.81,,,8.3,9.05,,8.74
5/05/2017,9.32,,9.07,,,8.38,9,,8.75
6/05/2017,9.54,,9.24,,,8.57,8.97,,8.83
7/05/2017,9.43,,9.35,,,8.57,9.03,,9.14
8/05/2017,9.34,,9.4,,,8.66,8.91,,9.35
9/05/2017,9.53,,9.59,,,8.8,9.27,,9.33
10/05/2017,9.7,,9.85,,,8.93,9.48,,9.61
11/05/2017,9.72,,9.92,,,8.98,9.62,,9.72
12/05/2017,9.63,,9.89,,,8.98,10.1,,9.78
13/05/2017,9.71,,9.97,,,9.06,10.32,,9.96
14/05/2017,9.87,,10.06,,,9.15,10.29,,10.1
15/05/2017,9.95,,10.19,,,9.19,10.24,,10.24
16/05/2017,10.03,,10.2,,,9.19,10.2,,10.32
17/05/2017,9.91,,10.2,,,9.19,10.14,,10.42
18/05/2017,9.58,,10.14,,,9.09,9.7,,10.17
19/05/2017,9.42,,9.98,,,9,9.49,,10.1
20/05/2017,9.33,,10,,,8.99,9.1,,9.99
21/05/2017,9.19,,9.9,,,9,8.91,,9.95
22/05/2017,9.81,,10.13,,,9.08,9.43,,10.01
23/05/2017,9.86,,10.17,,,9.13,9.82,,10.23
24/05/2017,9.72,,10.14,,,9.09,10.2,,10.36
25/05/2017,9.62,,10.11,,,9.1,10.36,,10.37
26/05/2017,10.02,,10.08,,,9.22,10.43,,10.33
27/05/2017,10.09,,10.1,,,9.19,10.34,,10.29
28/05/2017,10.1,,10.02,,,9.11,10.35,,10.22
29/05/2017,10.03,,9.95,,,9.06,10.34,,10.12
30/05/2017,10.13,,9.93,,,9.14,10.26,,10.15
31/05/2017,10.19,,10.01,,,9.18,10.35,,10.18
1/06/2017,10.31,,10.03,,,9.31,10.29,,10.19
2/06/2017,10.56,,10.16,,,9.45,10.38,,10.19
3/06/2017,10.69,,10.19,,,9.51,10.46,,10.16
4/06/2017,10.79,,10.26,,,9.57,10.68,,10.22
5/06/2017,10.78,,10.32,,,9.62,10.78,,10.3
6/06/2017,10.78,,10.4,,,9.63,10.84,,10.31
7/06/2017,10.69,,10.43,,,9.6,11.15,,10.63
8/06/2017,10.64,,10.41,,,9.63,11.16,,10.74
9/06/2017,10.71,,10.52,,,9.64,11.22,,10.83
10/06/2017,10.7,,10.52,,,9.57,11.28,,10.87
11/06/2017,10.67,,10.57,,,9.67,11.25,,10.93
12/06/2017,10.61,,10.56,,,9.7,11.17,,10.94
13/06/2017,10.58,,10.63,,,9.66,11.09,,10.96
14/06/2017,10.57,,10.63,,,9.62,11.07,,10.93
15/06/2017,10.58,,10.61,,,9.62,11.07,,10.94
16/06/2017,10.61,,10.58,,,9.59,11.12,,11.03
17/06/2017,10.48,,10.55,,,9.5,11.01,,10.96
18/06/2017,10.28,,10.58,,,9.42,11.04,,10.87
19/06/2017,10.35,,10.65,,,9.45,11.19,,10.96
20/06/2017,10.57,,10.75,,,9.62,11.25,,10.96
21/06/2017,10.73,,10.81,,,9.66,11.26,,10.97
22/06/2017,10.81,,10.76,,,9.71,11.42,,11.02
23/06/2017,10.85,,10.89,,,9.81,11.69,,11.1
24/06/2017,10.83,,10.92,,,9.94,11.68,,11.24
25/06/2017,10.8,,10.87,,,9.9,11.72,,11.26
26/06/2017,10.69,,10.9,,,9.9,11.79,,11.24
27/06/2017,10.65,,10.87,,,9.95,11.7,,11.19
28/06/2017,10.65,,10.9,,,9.92,11.7,,11.18
29/06/2017,10.54,,10.86,,,9.87,11.69,,11.06
30/06/2017,10.67,,10.9,,,9.93,11.69,,11.1
1/07/2017,10.73,,10.89,,,9.97,11.81,,11.1
2/07/2017,10.92,,11.05,,,10.1,11.86,,11.1
3/07/2017,11.06,,11.09,,,10.19,11.9,,11.23
4/07/2017,11.08,,11.11,,,10.16,11.93,,11.24
5/07/2017,10.86,,11,,,10.06,12.01,,11.16
6/07/2017,10.68,,10.98,,,10.04,12.08,,11.09
7/07/2017,10.65,,10.99,,,10.15,11.89,,11.14
8/07/2017,10.68,,11.06,,,10.1,11.74,,11.15
9/07/2017,10.72,,11.13,,,10.11,11.7,,11.13
10/07/2017,10.78,,11.23,,,10.14,11.62,,11.14
11/07/2017,10.72,,11.21,,,10.14,11.78,,11.18
12/07/2017,10.78,,11.21,,,10.19,11.89,,11.34
13/07/2017,10.8,,11.13,,,10.26,12.06,,11.41
14/07/2017,10.75,,11.1,,,10.22,12.19,,11.52
15/07/2017,10.8,,11.05,,,10.28,12.21,,11.42
16/07/2017,10.91,,11.11,,,10.28,12.18,,11.39
17/07/2017,10.97,,11.17,,,10.34,12.25,,11.47
18/07/2017,11.02,,11.15,,,10.29,12.26,,11.52
19/07/2017,10.91,,11.12,,,10.26,12.22,,11.52
20/07/2017,10.83,,11.06,,,10.15,12.24,,11.56
21/07/2017,10.94,,11.07,,,10.19,12.24,,11.54
22/07/2017,11.06,,11.13,,,10.27,12.35,,11.63
23/07/2017,11.14,,11.15,,,10.27,12.47,,11.7
24/07/2017,11.04,,11.17,,,10.2,12.55,,11.63
25/07/2017,10.88,,11.19,,,10.29,12.57,,11.57
26/07/2017,10.9,,11.2,,,10.23,12.56,,11.63
27/07/2017,10.69,,11.1,,,10.11,12.41,,11.5
28/07/2017,10.76,,11.12,,,10.13,12.36,,11.64
29/07/2017,10.68,,11.49,,,10.01,12.27,,11.73
30/07/2017,10.74,,11.44,,,10.05,12.18,,11.79
31/07/2017,10.49,,11.25,,,9.83,11.97,,11.71
1/08/2017,10.41,,11.19,,,9.87,11.97,,
2/08/2017,10.49,,11.16,,,9.96,11.83,,11.52
3/08/2017,10.59,,11.26,,,9.99,11.79,,11.45
4/08/2017,10.52,,11.05,,,9.94,11.4,,11.15
5/08/2017,10.36,,10.95,,,9.85,11.13,,11.01
6/08/2017,10.51,,11.05,,,9.94,11.58,,10.93
7/08/2017,10.65,,11.11,,,9.99,11.64,,11.01
8/08/2017,10.58,,11.03,,,10,11.57,,10.84
9/08/2017,10.62,,11.05,,,10.07,11.62,,10.91
10/08/2017,10.53,,11.11,,,10.04,11.68,,10.87
11/08/2017,10.48,,10.98,,,10.05,11.64,,10.82
12/08/2017,10.5,,10.86,,,10.07,11.63,,10.87
13/08/2017,10.41,,10.79,,,10.06,11.58,,10.64
14/08/2017,10.31,,10.8,,,9.99,11.58,,10.46
15/08/2017,10.04,,10.71,,,9.84,11.49,,9.98
16/08/2017,9.78,,10.57,,,9.64,11.33,,9.67
17/08/2017,9.56,,10.4,,,9.5,11.15,,9.44
18/08/2017,9.74,,10.46,,,9.61,11.03,,9.59
19/08/2017,9.92,,10.5,,,9.7,11,,9.56
20/08/2017,10.11,,10.52,,,9.89,10.92,,9.53
21/08/2017,10.14,,10.66,,,9.96,10.99,,9.67
22/08/2017,10.07,,10.64,,,9.93,11.14,,9.7
23/08/2017,9.96,,10.68,,,9.94,11.26,,9.67
24/08/2017,10.02,,10.71,,,10.08,11.53,,9.73
25/08/2017,10.06,,10.65,,,10.17,11.47,,9.84
26/08/2017,10.08,,10.8,,,10.18,11.45,,9.97
27/08/2017,10.12,,10.92,,,10.2,11.4,,10
28/08/2017,10.04,,10.91,,,10.21,11.39,,10.08
29/08/2017,10.17,,10.88,,,10.24,11.3,,10.07
30/08/2017,10.15,,10.9,,,10.27,11.36,,10
31/08/2017,10.03,,10.89,,,10.28,11.42,,10.14
1/09/2017,9.97,,10.93,,,10.26,11.39,,10.16
2/09/2017,9.66,,10.83,,,10.12,11.35,,10.11
3/09/2017,9.35,,10.73,,,10.01,11.36,,10.05
4/09/2017,9.24,,10.54,,,9.97,11.26,,10.2
5/09/2017,9.43,,10.54,,,10.03,11.07,,10.22
6/09/2017,9.77,,10.51,,,10.06,11.1,,10.19
7/09/2017,9.95,,,,,10.18,11.12,,9.98
8/09/2017,10,,10.62,,,10.21,11.41,,9.88
9/09/2017,10.01,,10.68,,,10.21,11.35,,9.72
10/09/2017,10.11,,10.75,,,10.23,11.46,,9.61
11/09/2017,10.19,,10.85,,,10.25,11.49,,9.48
12/09/2017,10.01,,10.78,,,10.1,11.56,,9.39
13/09/2017,9.7,,10.51,,,9.9,11.43,,9.1
14/09/2017,9.52,,10.26,,,9.73,11.03,,8.9
15/09/2017,9.72,,10.15,,,9.72,10.68,,8.66
16/09/2017,9.93,,10.13,,,9.62,10.53,,8.91
17/09/2017,9.82,,10.09,,,9.37,10.48,,8.83
18/09/2017,9.83,,10.04,,,9.33,10.59,,8.66
19/09/2017,9.84,,10.03,,,9.24,10.62,,8.8
20/09/2017,9.93,,9.95,,,9.39,10.5,,8.56
21/09/2017,10.03,,10.19,,,9.39,10.47,,8.5
22/09/2017,9.89,,10.01,,,9.36,10.47,,8.61
23/09/2017,9.72,,9.89,,,9.24,10.34,,8.55
24/09/2017,9.52,,9.57,,,9.12,9.95,,8.42
25/09/2017,9.28,,9.34,,,8.92,9.63,,8.01
26/09/2017,9.4,,9.29,,,8.86,9.38,,7.73
27/09/2017,9.44,,9.29,,,8.76,8.97,,7.66
28/09/2017,9.38,,9.23,,,8.56,8.39,,7.23
29/09/2017,9.33,,9.05,,,8.44,8.38,,8.95
30/09/2017,9.47,,8.97,,,8.47,8.23,,8.63
1/10/2017,9.55,,9.23,,,8.44,8.4,,8.49
2/10/2017,9.8,,9.35,,,8.5,8.77,,8.37
3/10/2017,9.75,,9.49,,,8.53,8.9,,8.28
4/10/2017,9.7,,9.51,,,8.4,9.14,,8.24
5/10/2017,9.44,,9.47,,,8.33,9.27,,8.19
6/10/2017,9.1,,9.47,,,8.26,9.41,,8.31
7/10/2017,9.57,,9.59,,,8.39,8.79,,8.33
8/10/2017,9.88,,9.81,,,8.27,8.4,,8.29
9/10/2017,9.6,,9.77,,,7.97,8.37,,8.19
10/10/2017,9.34,,9.5,,,8.05,8.44,,8.32
11/10/2017,9.71,,9.51,,,8.15,8.01,,8.52
12/10/2017,9.5,,9.58,,,7.89,7.83,,8.29
13/10/2017,9.42,,9.41,,,7.93,7.94,,8.12
14/10/2017,9.75,,9.54,,,8.13,7.65,,8.37
15/10/2017,9.79,,9.7,,,8.04,7.46,,8.38
16/10/2017,9.67,,9.68,,,7.92,7.16,,8.35
17/10/2017,9.5,,9.5,,,7.72,6.52,,8.47
18/10/2017,9.41,,9.35,,,7.59,5.75,,8.17
19/10/2017,9.54,,9.29,,,7.56,5.15,,8.03
20/10/2017,9.33,,9.02,,,7.35,8.18,,7.53
21/10/2017,9.26,,8.94,,,7.39,8.1,,7.45
22/10/2017,9.86,,9.14,,,7.63,8.04,,7.66
23/10/2017,10,,9.3,,,7.69,8.02,,7.82
24/10/2017,9.94,,9.26,,,7.6,8.02,,7.77
25/10/2017,9.59,,8.92,,,7.41,7.9,,7.33
26/10/2017,9.27,,8.8,,,7.43,7.87,,7.22
27/10/2017,9.29,,8.92,,,7.52,8.05,,7.64
28/10/2017,9.27,,8.91,,,7.56,7.82,,7.91
29/10/2017,9.16,,9.07,,,7.5,7.91,,7.72
30/10/2017,9.45,,9.03,,,7.56,7.66,,7.65
31/10/2017,9.41,,9.05,,,7.7,7.99,,7.52
1/11/2017,9.88,,9.13,,,7.86,8.18,,7.78
2/11/2017,9.89,,9.39,,,7.88,8.26,,8.14
3/11/2017,9.67,,9.38,,,7.87,8.73,,8.29
4/11/2017,9.54,,9.29,,,7.93,8.89,,8.38
5/11/2017,9.68,,9.2,,,7.7,8.79,,8.51
6/11/2017,9.75,,9.61,,,7.93,8.94,,8.78
7/11/2017,9.57,,9.23,,,7.87,8.77,,9.02
8/11/2017,9.63,,9.17,,,8.08,8.58,,8.98
9/11/2017,9.85,,8.89,,,7.83,8.65,,8.88
10/11/2017,9.65,,8.85,,,8.07,8.37,,8.71
11/11/2017,9.52,,8.59,,,7.94,8.19,,8.49
12/11/2017,9.52,,8.05,,,7.65,8.62,,8.44
13/11/2017,9.28,,8.35,,,7.49,8.31,,8.17
14/11/2017,9.14,,8.09,,,7.31,7.97,,7.99
15/11/2017,9,,7.79,,,7.59,7.45,,8
16/11/2017,8.86,,7.83,,,7.54,6.91,,7.59
17/11/2017,8.84,,7.73,,,7.56,6.55,,7.43
18/11/2017,8.78,,7.98,,,7.76,6.37,,7.24
19/11/2017,9.19,,8.28,,,7.84,6.64,,7.23
20/11/2017,9.05,,8.26,,,8.04,7.67,,7.57
21/11/2017,8.5,,8.37,,,8.02,8.16,,7.84
22/11/2017,8.47,,8.33,,,7.95,8.07,,7.28
23/11/2017,8.99,,8.5,,,7.95,7.84,,6.97
24/11/2017,9.05,,8.39,,,7.78,7.45,,8.09
25/11/2017,9.8,,8.15,,,7.6,7.82,,7.91
26/11/2017,9.24,,8.21,,,7.61,8.12,,7.85
27/11/2017,9.03,,8.08,,,7.56,8.16,,7.84
28/11/2017,8.72,,8.09,,,7.65,8.21,,7.87
29/11/2017,7.94,,8.13,,,7.55,8.2,,7.84
30/11/2017,7.26,,8.01,,,7.39,8.33,,7.82
1/12/2017,7.14,,7.84,,,7.4,8.14,,7.74
2/12/2017,7.94,,7.71,,,7.22,7.62,,7.26
3/12/2017,8.39,,7.59,,,7.27,7.52,,7.17
4/12/2017,9.41,,7.91,,,7.75,7.67,,7.56
5/12/2017,8.37,,8.21,,,8.1,8.27,,7.94
6/12/2017,8.41,,8.51,,,8.32,8.74,,8.24
7/12/2017,8.37,,8.66,,,8.28,9.06,,8.55
8/12/2017,8.01,,8.47,,,7.99,8.63,,8.56
9/12/2017,7.88,,8.35,,,7.87,8.64,,8.46
10/12/2017,8.36,,8.69,,,8.26,9.11,,8.55
11/12/2017,8.2,,8.85,,,8.31,9.36,,8.81
12/12/2017,8.01,,8.86,,,8.17,9.19,,8.76
13/12/2017,7.81,,8.68,,,7.96,9.04,,8.73
14/12/2017,7.62,,8.43,,,7.73,8.85,,8.45
15/12/2017,7.37,,8.25,,,7.56,8.66,,8.18
16/12/2017,7.61,,8.19,,,7.65,8.49,,8
17/12/2017,7.73,,8.18,,,7.65,8.43,,8.01
18/12/2017,7.45,,8.08,,,7.54,8.63,,7.98
19/12/2017,6.69,,8.01,,,7.46,8.54,,7.82
20/12/2017,7,,7.93,,,7.29,8.35,,7.62
21/12/2017,7.02,,7.84,,,7.33,8.19,,7.5
22/12/2017,7.04,,8,,,7.5,8.12,,7.43
23/12/2017,7.32,,8.09,,,7.48,8.25,,7.47
24/12/2017,6.94,,8.03,,,7.4,8.41,,7.66
25/12/2017,6.91,,7.97,,,7.42,8.34,,7.57
26/12/2017,7.34,,8.09,,,7.52,8.16,,7.61
27/12/2017,7.44,,8.09,,,7.53,8.23,,7.62
28/12/2017,6.88,,8.06,,,7.47,8.22,,7.66
29/12/2017,5.81,,7.91,,,7.28,7.9,,7.54
30/12/2017,6.91,,7.72,,,7.17,7.71,,7.31
31/12/2017,7.03,,7.68,,,7.22,7.6,,7.18
1/01/2018,7.14,,7.9,,,7.48,7.92,,7.5
2/01/2018,6.54,,7.92,,,7.53,8.17,,7.62
3/01/2018,7.35,,8.04,,,7.59,8.26,,7.58
4/01/2018,7.19,,8.14,,,7.69,8.33,,7.61
5/01/2018,5.31,,8.29,,,7.7,8.41,,7.62
6/01/2018,5.68,,8.27,,,7.63,8.48,,7.64
7/01/2018,5.93,,8.26,,,7.52,8.31,,7.79
8/01/2018,7.12,,8.19,,,7.5,8.04,,7.68
9/01/2018,7.13,,8.14,,,7.31,7.85,,7.57
10/01/2018,7.43,,8.24,,,7.41,7.73,,7.44
11/01/2018,7.61,,8.31,,,7.45,7.96,,7.47
12/01/2018,7.32,,8.24,,,7.5,7.96,,7.33
13/01/2018,6.75,,8.17,,,7.46,8.19,,7.35
14/01/2018,7.15,,8.19,,,7.6,7.99,,7.3
15/01/2018,7.49,,8.61,,,7.94,7.87,,7.52
16/01/2018,7.57,,8.8,,,7.89,7.97,,7.74
17/01/2018,7.38,,8.68,,,7.81,8.23,,7.61
18/01/2018,7.02,,8.62,,,7.81,8.37,,7.51
19/01/2018,5.89,,8.57,,,7.75,8.38,,7.61
20/01/2018,5.7,,8.47,,,7.57,7.93,,7.6
21/01/2018,5.77,,8.17,,,7.3,7.65,,7.33
22/01/2018,5.53,,7.95,,,7.02,7.2,,7.08
23/01/2018,4.96,,7.64,,,6.99,7.11,,6.94
24/01/2018,6.28,,7.7,,,7.29,7.02,,6.83
25/01/2018,6.81,,8.06,,,7.39,7.99,,6.94
26/01/2018,6.54,,7.61,,,7.27,7.6,,6.77
27/01/2018,5.42,,7.26,,,7.11,7.43,,6.68
28/01/2018,3,,6.54,,,7.21,7.29,,6.64
29/01/2018,1.4,,6.35,,,7.19,7.76,,6.69
30/01/2018,2.38,,7.83,,,7.18,7.92,,6.86
31/01/2018,7.25,,6.81,,,7.18,7.3,,6.98
1/02/2018,7.78,,7.68,,,7.21,6.91,,7.04
2/02/2018,9.19,,8.01,,,8.43,6.94,,7.91
3/02/2018,9.25,,8.05,,,8.33,6.97,,7.96
4/02/2018,8.82,,7.99,,,8.6,7.5,,8.34
5/02/2018,8.87,,7.89,,,8.63,7.33,,8.67
6/02/2018,8.66,,8.15,,,8.54,7.54,,8.77
7/02/2018,8.54,,7.97,,,8.34,7.3,,8.33
8/02/2018,8.21,,7.59,,,8.36,6.72,,8.07
9/02/2018,8.17,,7.67,,,7.87,6.22,,7.49
10/02/2018,8.07,,7.32,,,7.5,6.41,,7.3
11/02/2018,8.12,,7.17,,,7.44,6.67,,7.28
12/02/2018,7.91,,7.03,,,7.43,6.41,,7.04
13/02/2018,8.72,,7.4,,,7.53,6.89,,7.52
14/02/2018,8.77,,7.63,,,7.79,7.26,,7.67
15/02/2018,8.49,,7.59,,,8.18,7.52,,7.84
16/02/2018,8.52,,7.42,,,8.38,7.6,,7.72
17/02/2018,8.52,,7.19,,,8.15,7.39,,7.52
18/02/2018,8.5,,7.56,,,8.07,7.66,,7.92
19/02/2018,8.3,,7.51,,,7.8,7.71,,7.97
20/02/2018,8.15,,7.21,,,7.83,7.62,,7.77
21/02/2018,8.44,,7.03,,,7.87,7.85,,7.67
22/02/2018,8.47,,7.13,,,7.88,7.92,,7.58
23/02/2018,8.28,,5.98,,,8,7.92,,7.43
24/02/2018,7.97,,7.24,,,7.64,7.59,,7.32
25/02/2018,7.67,,6.31,,,6.98,7.23,,6.94
26/02/2018,7.93,,7.17,,,7.07,7.15,,7.32
27/02/2018,8.39,,6.69,,,6.94,7.48,,7.77
28/02/2018,8.51,,6.66,,,7.05,8.23,,7.76
1/03/2018,8.26,,6.16,,,6.22,8.24,,7.59
2/03/2018,8.13,,6.64,,,5.8,8.2,,7.77
3/03/2018,8.24,,7.08,,,4.01,7.46,,7.62
4/03/2018,7.92,,7.56,,,5.41,6.84,,7.46
5/03/2018,8,,7.05,,,6.96,6.9,,7.75
6/03/2018,7.9,,6.9,,,6.43,6.66,,7.6
7/03/2018,7.94,,6.43,,,5.86,7.2,,7.45
8/03/2018,7.35,,6.03,,,5.58,7.28,,7.66
9/03/2018,7.58,,6.56,,,7.06,6.68,,7.49
10/03/2018,7.1,,6.59,,,7.2,7.21,,7.49
11/03/2018,7.75,,5.97,,,7.8,7.74,,7.6
12/03/2018,7.22,,7.99,,,7.75,7.23,,7.37
13/03/2018,6.68,,7,,,7.69,6.85,,7
14/03/2018,6.23,,5.43,,,7.83,6.79,,7.3
15/03/2018,6.38,,4.81,,,7.8,7.16,,7.11
16/03/2018,8.33,,5.45,,,7.87,7.26,,6.87
17/03/2018,8,,5.63,,,8.1,7.94,,6.69
18/03/2018,7.87,,6.24,,,8.09,7.7,,6.95
19/03/2018,7.7,,6.24,,,7.97,7.62,,6.86
20/03/2018,8.38,,5.88,,,8.09,7.54,,6.61
21/03/2018,8.56,,4.93,,,8.01,7.51,,6.99
22/03/2018,8.67,,5.97,,,8,7.44,,6.68
23/03/2018,8.77,,8.42,,,7.61,7.69,,6.69
24/03/2018,8.44,,8.34,,,7.59,7.69,,6.56
25/03/2018,8.2,,8.28,,,7.55,7.15,,6.27
26/03/2018,7.94,,7.9,,,7.4,6.75,,6.03
27/03/2018,8.2,,7.94,,,7.55,6.41,,6.01
28/03/2018,8.63,,7.91,,,8.03,6.72,,6.19
29/03/2018,8.62,,7.99,,,7.96,7.12,,8.03
30/03/2018,8.75,,8.69,,,8.17,7.76,,8.26
31/03/2018,8.97,,8.87,,,8.39,7.43,,8.36
1/04/2018,8.94,,8.88,,,8.46,6.98,,8.27
2/04/2018,8.87,,8.91,,,8.43,7.44,,8.14
3/04/2018,8.64,,8.68,,,8.32,7.03,,8.2
4/04/2018,8.73,,8.74,,,8.43,6.72,,8.26
5/04/2018,8.85,,8.9,,,8.42,6.95,,8.54
6/04/2018,8.74,,8.82,,,8.47,7.58,,8.48
7/04/2018,8.61,,8.69,,,8.4,7.88,,8.43
8/04/2018,8.65,,8.7,,,8.41,7.75,,8.4
9/04/2018,8.51,,8.68,,,8.51,7.5,,8.15
10/04/2018,8.36,,8.46,,,8.35,7.3,,8.01
11/04/2018,8.46,,8.45,,,8.45,6.58,,8.07
12/04/2018,8.46,,8.2,,,8.52,6.42,,8.27
13/04/2018,8.28,,8.1,,,8.45,6.73,,8.31
14/04/2018,8.54,,8.48,,,8.5,7.16,,8.21
15/04/2018,8.5,,8.35,,,8.61,7.77,,8.13
16/04/2018,8.62,,8.3,,,8.68,7.54,,7.92
17/04/2018,8.67,,8.26,,,8.77,7.29,,7.58
18/04/2018,8.72,,8.34,,,8.84,7.88,,7.8
19/04/2018,8.95,,8.47,,,8.95,8.05,,7.53
20/04/2018,9.02,,8.52,,,9.04,8.45,,7.79
21/04/2018,8.98,,8.62,,,9.23,8.34,,7.65
22/04/2018,8.61,,8.35,,,9.1,8.24,,7.28
23/04/2018,8.33,,8.2,,,8.93,8.3,,7.04
24/04/2018,8.32,,8.13,,,8.88,8.2,,6.58
25/04/2018,8.35,,7.93,,,8.86,7.75,,7.02
26/04/2018,8.01,,7.6,,,8.7,7.51,,6.69
27/04/2018,8.28,,7.8,,,8.78,7.3,,6.65
28/04/2018,8.49,,8,,,9.11,7.38,,6.69
29/04/2018,8.59,,8.02,,,9.22,7.4,,6.68
30/04/2018,8.61,,8.12,,,9.28,7.4,,7.11
1/05/2018,8.65,,8.12,,,9.32,7.71,,7.1
2/05/2018,8.6,,8.2,,,9.32,7.49,,6.74
3/05/2018,8.54,,8.16,,,9.2,7.53,,6.38
4/05/2018,8.43,,8.02,,,9.11,7.71,,7.89
5/05/2018,8.13,,7.8,,,9.14,7.71,,7.74
6/05/2018,8.74,,7.99,,,9.75,7.71,,7.8
7/05/2018,9.16,,8.43,,,9.9,7.84,,7.91
8/05/2018,9.07,,8.48,,,9.94,8.11,,8.17
9/05/2018,9.01,,8.53,,,10.02,7.96,,8.1
10/05/2018,9.01,,8.56,,,10.01,8.13,,8.08
11/05/2018,8.98,,8.71,,,10.15,8.4,,8.09
12/05/2018,9.17,,8.73,,,10.41,8.44,,8.33
13/05/2018,9.48,,8.87,,,10.57,8.47,,8.45
14/05/2018,9.44,,8.94,,,10.58,8.57,,8.74
15/05/2018,9.21,,8.96,,,10.47,8.58,,8.65
16/05/2018,9.03,,9.03,,,10.19,8.46,,8.64
17/05/2018,8.92,,8.98,,,10.09,8.67,,8.64
18/05/2018,9.31,,9.02,,,10.52,8.83,,8.64
19/05/2018,9.23,,9.02,,,10.51,8.73,,8.56
20/05/2018,8.95,,8.84,,,10.11,8.85,,8.59
21/05/2018,8.78,,8.81,,,9.89,8.9,,8.35
22/05/2018,8.83,,8.83,,,10.03,8.73,,8.35
23/05/2018,8.79,,8.83,,,9.72,8.65,,8.37
24/05/2018,8.59,,8.73,,,9.81,8.77,,8.27
25/05/2018,8.5,,8.72,,,10.23,8.55,,8.23
26/05/2018,9.2,,8.7,,,10.34,8.6,,8.21
27/05/2018,9.34,,8.76,,,10.43,8.71,,8.15
28/05/2018,9.32,,8.8,,,10.36,8.77,,8.23
29/05/2018,9.06,,8.61,,,10.17,8.99,,8.35
30/05/2018,8.9,,8.53,,,10.12,9.01,,8.4
31/05/2018,9.17,,8.44,,,10.25,9.17,,8.27
1/06/2018,9.48,,8.48,,,10.38,9.66,,9.53
2/06/2018,9.65,,9.11,,,10.41,9.64,,9.55
3/06/2018,9.78,,9.2,,,10.44,9.7,,9.6
4/06/2018,9.84,,9.28,,,10.43,9.84,,9.6
5/06/2018,9.84,,9.34,,,10.42,9.82,,9.45
6/06/2018,9.67,,9.41,,,10.3,9.96,,9.42
7/06/2018,9.74,,9.46,,,10.35,10.06,,9.51
8/06/2018,9.76,,9.42,,,10.27,9.93,,9.58
9/06/2018,9.59,,9.31,,,10.19,10.02,,9.49
10/06/2018,9.31,,9.27,,,9.98,9.87,,9.39
11/06/2018,9.3,,9.44,,,9.95,9.73,,9.44
12/06/2018,9.33,,9.49,,,9.91,9.77,,9.56
13/06/2018,9.31,,9.45,,,9.76,9.76,,9.43
14/06/2018,9.3,,9.37,,,9.72,9.74,,9.44
15/06/2018,9.51,,9.42,,,9.78,9.65,,9.49
16/06/2018,9.63,,9.48,,,9.87,9.66,,9.54
17/06/2018,9.63,,9.49,,,9.93,9.78,,9.56
18/06/2018,9.84,,9.62,,,10.03,9.82,,9.67
19/06/2018,10.07,,9.7,,,10.15,9.74,,9.52
20/06/2018,10.25,,9.73,,,10.2,9.68,,9.62
21/06/2018,10.3,,9.81,,,10.21,9.64,,9.72
22/06/2018,10.36,,9.79,,,10.27,9.83,,9.76
23/06/2018,10.57,,9.99,,,10.37,10.2,,9.87
24/06/2018,10.54,,10.17,,,10.42,10.4,,10.01
25/06/2018,10.54,,10.29,,,10.4,10.4,,10.11
26/06/2018,10.49,,10.38,,,10.37,10.34,,10.25
27/06/2018,10.56,,10.51,,,10.58,10.22,,10.3
28/06/2018,10.63,,10.64,,,10.52,10.05,,10.38
29/06/2018,10.55,,10.6,,,10.43,10.05,,10.47
30/06/2018,10.54,,10.51,,,10.37,9.99,,10.64
1/07/2018,10.5,,10.41,,,10.29,9.94,,10.62
2/07/2018,10.54,,10.37,,,10.37,9.88,,10.78
3/07/2018,10.58,,10.52,,,10.39,10.08,,10.9
4/07/2018,10.6,,10.58,,,10.37,9.92,,10.83
5/07/2018,10.58,,10.55,,,10.29,10.14,,10.76
6/07/2018,10.46,,10.53,,,10.18,10.4,,10.59
7/07/2018,10.23,,10.45,,,10,10.53,,10.52
8/07/2018,10.25,,10.41,,,9.97,10.64,,10.52
9/07/2018,10.41,,10.51,,,10.03,10.45,,10.38
10/07/2018,10.37,,10.61,,,9.95,10.32,,10.39
11/07/2018,10.23,,10.75,,,9.82,10.19,,10.31
12/07/2018,10.35,,10.9,,,9.9,10.43,,10.21
13/07/2018,10.51,,10.9,,,9.88,10.63,,10.22
14/07/2018,10.58,,10.9,,,9.94,10.94,,10.45
15/07/2018,10.68,,11.03,,,10.08,11.11,,10.67
16/07/2018,10.78,,11.25,,,10.06,11.19,,10.81
17/07/2018,10.71,,11.3,,,9.97,11.19,,10.86
18/07/2018,10.61,,,,,9.95,11.08,,10.91
19/07/2018,10.56,,,,,9.93,10.95,,10.99
20/07/2018,10.61,,,,,9.88,10.84,,11.05
21/07/2018,10.52,,,,,9.79,10.73,,10.94
22/07/2018,10.61,,,,,9.88,10.8,,10.98
23/07/2018,10.65,,,,,9.93,10.81,,10.96
24/07/2018,10.62,,,,,9.91,10.9,,10.74
25/07/2018,10.57,,,,,9.95,10.78,,10.68
26/07/2018,10.51,,,,,9.91,10.71,,10.63
27/07/2018,10.41,,,,,9.87,,,10.69
28/07/2018,10.26,,,,,9.77,,,10.74
29/07/2018,10.09,,,,,9.66,,,10.62
30/07/2018,10.13,,,,,9.64,,,10.62
31/07/2018,10.34,,,,,9.78,,,10.53
1/08/2018,10.39,,,,,9.83,,,10.38
2/08/2018,10.35,,,,,9.81,,,10.27
3/08/2018,10.29,,,,,9.77,,,10.27
4/08/2018,10.19,,,,,9.64,,,10.13
5/08/2018,10.22,,,,,9.74,,,10.11
6/08/2018,10.31,,,,,9.72,,,10.14
7/08/2018,10.23,,,,,9.62,,,10.03
8/08/2018,10.29,,,,,9.67,,,10.01
9/08/2018,10.25,,,,,9.7,,,10.07
10/08/2018,10.25,,,,,9.74,,,10.05
11/08/2018,10.2,,,,,9.7,,,10.1
12/08/2018,10.16,,,,,9.7,,,10
13/08/2018,10.26,,,,,9.83,,,9.91
14/08/2018,10.29,,,,,9.85,,,9.85
15/08/2018,10.26,,,,,9.84,,,9.82
16/08/2018,10.11,,,,,9.72,,,9.78
17/08/2018,10.1,,,,,9.7,,,9.8
18/08/2018,10.07,,,,,9.75,,,9.83
19/08/2018,9.99,,,,,9.73,,,9.78
20/08/2018,10.17,,,,,9.85,,,9.72
21/08/2018,10.41,,,,,9.95,,,9.8
22/08/2018,10.34,,,,,9.89,,,9.64
23/08/2018,10.23,,,,,9.84,,,9.53
24/08/2018,10.2,,,,,9.84,,,9.52
25/08/2018,10.24,,,,,9.92,,,9.46
26/08/2018,10.27,,,,,10,,,9.44
27/08/2018,10.14,,,,,10,,,9.46
28/08/2018,10.15,,,,,10.03,,,9.54
29/08/2018,10.14,,,,,10.01,,,9.52
30/08/2018,10.17,,,,,10.06,,,9.44
31/08/2018,10.11,,,,,10.01,,,9.63
1/09/2018,9.98,,,,,9.91,,,9.59
2/09/2018,9.87,,,,,9.87,,,9.53
3/09/2018,9.82,,,,,9.87,,,9.53
4/09/2018,9.98,,,,,9.97,,,9.54
5/09/2018,10.16,,,,,10.12,,,
6/09/2018,10.12,,,,,10.14,,,
7/09/2018,,,,,,,,,
